,clickbait
18517,0
19884,0
23454,0
16359,0
19576,0
25300,0
30583,0
3261,1
18039,0
1335,1
578,1
8336,1
12967,1
21661,0
3532,1
11341,1
23290,0
30295,0
7259,1
8135,1
2785,1
10326,1
15222,1
3033,1
31976,0
22940,0
22928,0
8638,1
2191,1
5684,1
10105,1
15795,1
10107,1
24391,0
13755,1
20104,0
9508,1
7035,1
8953,1
27051,0
1336,1
4317,1
31487,0
28792,0
22787,0
21246,0
18201,0
10551,1
21562,0
8583,1
22384,0
1888,1
5881,1
25848,0
14684,1
8957,1
19442,0
1952,1
25616,0
1782,1
26209,0
15042,1
18032,0
4070,1
2247,1
21779,0
11047,1
12446,1
22633,0
19738,0
19651,0
6716,1
14689,1
2469,1
22850,0
14884,1
15765,1
11356,1
16955,0
22309,0
23257,0
21430,0
18656,0
9858,1
21344,0
28832,0
18946,0
28579,0
21558,0
8610,1
13086,1
17315,0
22797,0
1671,1
7249,1
28773,0
1986,1
28406,0
16909,0
6488,1
15982,1
16653,0
21830,0
25231,0
6151,1
19157,0
22001,0
4034,1
8465,1
4731,1
30689,0
20036,0
16876,0
4826,1
3197,1
12948,1
22687,0
2561,1
5639,1
16111,0
10832,1
18928,0
29341,0
20436,0
8051,1
20677,0
22246,0
16659,0
12549,1
17973,0
20293,0
9918,1
24742,0
26794,0
20172,0
19136,0
25900,0
26280,0
14507,1
18168,0
14365,1
26597,0
31695,0
16921,0
10438,1
1493,1
21189,0
12691,1
5998,1
26198,0
8024,1
3776,1
26018,0
31445,0
26906,0
19318,0
8869,1
10761,1
10044,1
5394,1
1057,1
1896,1
30215,0
13039,1
17606,0
13044,1
7134,1
13519,1
12132,1
18158,0
16449,0
13193,1
16053,0
21385,0
27756,0
20551,0
13658,1
12374,1
16497,0
17578,0
9585,1
21254,0
20571,0
18341,0
13436,1
12611,1
1639,1
17938,0
21938,0
31631,0
12930,1
19295,0
23861,0
26660,0
7229,1
11263,1
11162,1
12653,1
26566,0
12229,1
28424,0
22399,0
8626,1
18414,0
5423,1
3613,1
26341,0
1443,1
24640,0
6121,1
16555,0
770,1
30350,0
26095,0
22484,0
19053,0
24564,0
25663,0
291,1
12633,1
29032,0
22594,0
15600,1
22271,0
26654,0
4100,1
6105,1
13135,1
9160,1
5522,1
18403,0
29252,0
2796,1
30147,0
30668,0
10773,1
24086,0
2501,1
28438,0
28136,0
10352,1
2424,1
9558,1
14153,1
29789,0
24714,0
13364,1
6548,1
9000,1
27334,0
25555,0
10292,1
21359,0
3886,1
28574,0
15165,1
29064,0
7577,1
7488,1
17398,0
25315,0
13230,1
7959,1
29282,0
16916,0
4545,1
5269,1
6686,1
28462,0
5832,1
31846,0
12329,1
28271,0
1189,1
16872,0
21726,0
3164,1
6737,1
2368,1
9914,1
10649,1
19154,0
15842,1
11033,1
25209,0
1152,1
7378,1
17696,0
21185,0
20186,0
16862,0
4258,1
7862,1
19577,0
20479,0
8852,1
8439,1
7818,1
10524,1
12787,1
15328,1
2713,1
18747,0
713,1
20111,0
29911,0
18534,0
22818,0
14176,1
31202,0
12452,1
25846,0
6516,1
602,1
11306,1
20089,0
2083,1
10098,1
11200,1
19538,0
5873,1
9468,1
5191,1
7542,1
13138,1
23793,0
6825,1
13414,1
9741,1
12255,1
2707,1
23069,0
30205,0
11758,1
9617,1
3652,1
1042,1
18331,0
24390,0
26331,0
20278,0
20512,0
18840,0
2365,1
4359,1
2160,1
11046,1
4978,1
868,1
26837,0
1504,1
23518,0
16929,0
2747,1
18211,0
30502,0
26757,0
28651,0
8108,1
25208,0
12375,1
11852,1
6752,1
14599,1
3267,1
15498,1
5805,1
13502,1
11192,1
18189,0
2142,1
2453,1
632,1
165,1
12299,1
28985,0
17419,0
24630,0
29723,0
1176,1
4711,1
11414,1
10892,1
31214,0
192,1
6710,1
18476,0
21319,0
7497,1
19898,0
15148,1
1744,1
5375,1
12304,1
27055,0
29045,0
28620,0
28776,0
21698,0
5861,1
29484,0
19938,0
21053,0
5154,1
1957,1
767,1
11607,1
1826,1
4043,1
27202,0
1271,1
1856,1
11114,1
21670,0
16322,0
16166,0
25717,0
11957,1
5147,1
30854,0
13924,1
12486,1
7112,1
28217,0
4652,1
13038,1
20754,0
8008,1
29583,0
2378,1
29331,0
13638,1
20192,0
23677,0
14486,1
1770,1
21269,0
7906,1
10074,1
5161,1
13409,1
5089,1
27962,0
31993,0
829,1
17897,0
19290,0
31355,0
29080,0
31248,0
314,1
9512,1
16110,0
13680,1
19111,0
169,1
17157,0
20686,0
21061,0
14288,1
10419,1
9524,1
3544,1
16213,0
16896,0
23590,0
141,1
6961,1
12146,1
26997,0
6335,1
22887,0
12668,1
14114,1
11714,1
26962,0
14274,1
21103,0
5453,1
4836,1
14541,1
28523,0
19847,0
12704,1
14053,1
369,1
11809,1
19133,0
24325,0
3925,1
9501,1
3977,1
7675,1
13233,1
10076,1
1106,1
17660,0
31688,0
5744,1
27013,0
12875,1
5617,1
26666,0
9467,1
21937,0
30340,0
19506,0
11407,1
23963,0
10630,1
26448,0
13517,1
30346,0
2570,1
4291,1
12296,1
8222,1
22068,0
23198,0
28105,0
2872,1
19935,0
2964,1
3818,1
25259,0
7469,1
14685,1
536,1
29561,0
6984,1
9027,1
27672,0
24442,0
15953,1
9939,1
21781,0
277,1
25278,0
2617,1
14915,1
31239,0
29824,0
12062,1
4679,1
17498,0
27754,0
3594,1
21478,0
975,1
24223,0
9526,1
29352,0
27399,0
25281,0
12939,1
3154,1
22500,0
9521,1
27967,0
22643,0
10059,1
13651,1
2448,1
24260,0
19932,0
21908,0
13784,1
6483,1
10894,1
14200,1
574,1
30811,0
11193,1
15128,1
10167,1
9615,1
10906,1
27602,0
30396,0
1573,1
3421,1
6689,1
7255,1
10936,1
9739,1
24410,0
3921,1
15324,1
3438,1
20753,0
28615,0
24348,0
24214,0
29420,0
16431,0
10618,1
3252,1
25966,0
26868,0
5091,1
2685,1
14882,1
14245,1
4873,1
1344,1
26712,0
31768,0
27100,0
30092,0
176,1
5320,1
23381,0
17068,0
30226,0
28915,0
25170,0
9419,1
23319,0
4217,1
25248,0
7239,1
7915,1
20430,0
24966,0
29815,0
1147,1
28075,0
13481,1
29259,0
12609,1
19980,0
7436,1
10813,1
575,1
10380,1
14911,1
25270,0
9753,1
73,1
31938,0
19885,0
27189,0
2526,1
29885,0
11386,1
11214,1
30486,0
16997,0
31885,0
19992,0
4941,1
21421,0
6063,1
30104,0
5081,1
19177,0
1371,1
18509,0
8512,1
23014,0
4111,1
16971,0
10259,1
16830,0
12769,1
19763,0
14333,1
14312,1
19229,0
1265,1
12432,1
20322,0
15415,1
26235,0
23952,0
8393,1
4948,1
5227,1
25774,0
23421,0
21006,0
2946,1
29023,0
2882,1
24837,0
26376,0
7883,1
1006,1
5662,1
13487,1
10918,1
17388,0
28857,0
21470,0
11210,1
23893,0
20901,0
27447,0
5835,1
4439,1
9180,1
16842,0
20922,0
30991,0
21022,0
1644,1
22684,0
12728,1
25199,0
28449,0
16148,0
820,1
8959,1
7309,1
8552,1
17179,0
16261,0
21257,0
12231,1
31210,0
9346,1
30344,0
13270,1
16980,0
14478,1
21235,0
17352,0
23873,0
31152,0
16861,0
4621,1
17691,0
23828,0
4510,1
1442,1
1858,1
16977,0
5936,1
1912,1
28185,0
22008,0
2144,1
25124,0
12191,1
11300,1
19594,0
19989,0
16204,0
24298,0
6668,1
10016,1
14617,1
29922,0
31859,0
31872,0
15579,1
29368,0
18722,0
21089,0
13996,1
9182,1
14649,1
23716,0
27283,0
23788,0
5362,1
11319,1
18998,0
12909,1
5263,1
16351,0
30808,0
9516,1
5669,1
10099,1
2038,1
9307,1
8702,1
27402,0
30838,0
4581,1
27027,0
22005,0
26940,0
17598,0
30816,0
13433,1
8385,1
19392,0
30882,0
25379,0
17763,0
29135,0
12103,1
31532,0
11572,1
9046,1
23224,0
18272,0
9159,1
10311,1
1375,1
25422,0
13527,1
25845,0
26764,0
18018,0
31984,0
8226,1
18038,0
22113,0
4662,1
24011,0
7529,1
294,1
2843,1
2451,1
3477,1
29479,0
22824,0
6017,1
24092,0
1492,1
28477,0
9294,1
10899,1
9836,1
9085,1
29886,0
19097,0
27738,0
117,1
23134,0
1060,1
9767,1
29372,0
31506,0
16638,0
29665,0
18152,0
16925,0
25356,0
28738,0
4066,1
12773,1
19006,0
2756,1
543,1
490,1
7801,1
896,1
23079,0
19056,0
28195,0
25985,0
28583,0
16044,0
7933,1
17024,0
823,1
27177,0
250,1
10779,1
21663,0
11853,1
11465,1
17640,0
15027,1
17743,0
2773,1
25326,0
1778,1
12822,1
27635,0
10597,1
18865,0
5476,1
12667,1
7165,1
19504,0
10306,1
29275,0
11552,1
30560,0
19752,0
15894,1
13189,1
20727,0
2984,1
29068,0
9412,1
25035,0
7228,1
18141,0
7607,1
25172,0
30251,0
2357,1
22105,0
23441,0
30907,0
9028,1
13037,1
24292,0
15950,1
12181,1
13682,1
4908,1
15043,1
17936,0
20373,0
5503,1
23849,0
22963,0
27554,0
5512,1
13072,1
785,1
10587,1
7684,1
11674,1
3999,1
19659,0
25181,0
202,1
21450,0
20841,0
842,1
3096,1
12969,1
16005,0
26634,0
29091,0
21336,0
29104,0
20840,0
29912,0
17713,0
18737,0
18012,0
7203,1
9567,1
8308,1
25792,0
6393,1
12063,1
26254,0
14578,1
7831,1
28337,0
11400,1
5801,1
12666,1
10487,1
30014,0
16945,0
26183,0
15113,1
11378,1
495,1
27860,0
10547,1
8984,1
15057,1
31323,0
28255,0
29309,0
19963,0
9683,1
3228,1
20155,0
4958,1
16625,0
5726,1
1324,1
10339,1
3923,1
3927,1
31934,0
5596,1
15478,1
15730,1
6655,1
6067,1
186,1
13494,1
670,1
19409,0
4896,1
14591,1
11022,1
11431,1
23208,0
7604,1
31578,0
10226,1
17,1
31618,0
10886,1
18390,0
22495,0
25734,0
17466,0
12988,1
27040,0
19308,0
23964,0
29083,0
29399,0
11087,1
21864,0
7138,1
7990,1
21195,0
23138,0
24648,0
23042,0
3861,1
17695,0
12862,1
26149,0
5433,1
14523,1
5865,1
15162,1
28895,0
439,1
24195,0
30693,0
2200,1
9255,1
20027,0
12886,1
23950,0
3668,1
23925,0
23592,0
13515,1
6213,1
20265,0
21725,0
29953,0
19440,0
3223,1
31564,0
17004,0
30304,0
15164,1
19568,0
9277,1
5126,1
30747,0
31815,0
3748,1
14529,1
28260,0
11388,1
3322,1
11675,1
8547,1
1762,1
27103,0
9035,1
5434,1
19876,0
7263,1
20249,0
834,1
22369,0
13868,1
1393,1
23959,0
13575,1
19013,0
17676,0
8690,1
30912,0
17762,0
1084,1
17141,0
488,1
23112,0
3893,1
24182,0
8942,1
1293,1
22857,0
28977,0
6582,1
29394,0
30441,0
13646,1
17827,0
25984,0
9315,1
25174,0
27494,0
26623,0
1139,1
4026,1
24093,0
7057,1
21171,0
4796,1
10445,1
7453,1
4702,1
11086,1
4180,1
10705,1
18785,0
4729,1
19071,0
31773,0
30594,0
6355,1
11250,1
2876,1
6914,1
23127,0
14522,1
214,1
29689,0
25361,0
23796,0
16417,0
23895,0
14191,1
2186,1
25495,0
28033,0
3789,1
21553,0
17835,0
3626,1
13106,1
9443,1
25522,0
31979,0
11423,1
17114,0
3160,1
17878,0
25921,0
18882,0
817,1
28223,0
22366,0
19297,0
1238,1
25217,0
4469,1
26882,0
29756,0
1538,1
31823,0
28708,0
5119,1
31162,0
20912,0
23481,0
4863,1
11584,1
8206,1
22342,0
11492,1
21777,0
17778,0
6193,1
18752,0
28356,0
14393,1
30369,0
2183,1
18166,0
15215,1
5978,1
4190,1
3882,1
10652,1
13541,1
26928,0
23314,0
18454,0
28571,0
3388,1
584,1
8632,1
23173,0
1535,1
10169,1
2734,1
30503,0
14631,1
10481,1
19341,0
19131,0
12215,1
20585,0
3174,1
29332,0
7482,1
11808,1
2181,1
12468,1
14449,1
19247,0
17791,0
5667,1
9908,1
31732,0
30859,0
19116,0
8111,1
31197,0
2141,1
10168,1
9959,1
25253,0
5074,1
31467,0
6846,1
3025,1
17967,0
29945,0
3638,1
8223,1
19237,0
10539,1
19010,0
485,1
5256,1
18378,0
27363,0
20990,0
26835,0
31566,0
12910,1
27371,0
5279,1
3156,1
23725,0
696,1
10437,1
22980,0
11805,1
5238,1
4824,1
24917,0
25715,0
23560,0
31853,0
31865,0
3170,1
18307,0
18724,0
13165,1
22293,0
12839,1
10838,1
27828,0
13514,1
29909,0
25420,0
18472,0
17816,0
14748,1
20494,0
24324,0
13992,1
26199,0
1049,1
8474,1
1040,1
22585,0
4409,1
14044,1
9089,1
28501,0
13911,1
29365,0
18404,0
16891,0
10675,1
11647,1
2533,1
1820,1
9607,1
15880,1
30649,0
6388,1
15063,1
31864,0
20498,0
2777,1
10404,1
15107,1
30513,0
1951,1
16222,0
15452,1
25612,0
26824,0
4106,1
17865,0
19494,0
1596,1
1320,1
28390,0
8299,1
5921,1
22511,0
17582,0
31171,0
18652,0
13256,1
13154,1
18496,0
2279,1
2642,1
11255,1
24795,0
24909,0
27797,0
18828,0
26916,0
1278,1
16874,0
10694,1
3538,1
10058,1
5840,1
17537,0
27053,0
25328,0
22523,0
20624,0
21891,0
30206,0
26902,0
24683,0
6471,1
20500,0
16541,0
14782,1
23747,0
4544,1
10096,1
4778,1
30211,0
23218,0
8120,1
23061,0
24529,0
4384,1
30284,0
4465,1
27331,0
296,1
27060,0
29427,0
3665,1
12091,1
25702,0
2898,1
13024,1
3837,1
15763,1
754,1
6486,1
4944,1
9473,1
16952,0
26598,0
15281,1
17269,0
1843,1
14735,1
1044,1
8030,1
216,1
23605,0
27946,0
17774,0
15773,1
23191,0
14708,1
7928,1
10212,1
4575,1
20897,0
29984,0
30959,0
18746,0
19321,0
9402,1
22480,0
1835,1
12834,1
24983,0
27346,0
31650,0
15284,1
7674,1
12436,1
3870,1
28713,0
27867,0
5969,1
27881,0
9016,1
14300,1
29308,0
20303,0
19652,0
5572,1
3929,1
20801,0
10042,1
20919,0
1337,1
28662,0
889,1
15459,1
18011,0
26574,0
6877,1
969,1
28550,0
7110,1
24535,0
18529,0
16985,0
1107,1
3423,1
16125,0
23884,0
15184,1
22323,0
10043,1
15608,1
2262,1
29935,0
6558,1
21617,0
3065,1
99,1
16035,0
21231,0
10834,1
14443,1
28351,0
934,1
16575,0
31913,0
20256,0
12179,1
31048,0
29947,0
20199,0
19134,0
1697,1
6528,1
2432,1
4917,1
14628,1
20733,0
30389,0
10864,1
18407,0
28983,0
26421,0
4355,1
12702,1
16434,0
24450,0
10682,1
3250,1
31375,0
31055,0
13758,1
8270,1
9995,1
10055,1
10353,1
31654,0
16323,0
18151,0
11177,1
8605,1
12860,1
30820,0
3058,1
30574,0
13712,1
29970,0
26851,0
24718,0
24775,0
29749,0
17410,0
31391,0
31451,0
5544,1
31114,0
27690,0
25374,0
9749,1
1935,1
8914,1
20442,0
24876,0
7414,1
6159,1
6867,1
931,1
14776,1
30929,0
25597,0
18488,0
14028,1
28555,0
27550,0
6729,1
12426,1
21757,0
4306,1
14765,1
3863,1
985,1
22471,0
1253,1
30171,0
22532,0
10187,1
10959,1
20821,0
29744,0
11484,1
29084,0
10500,1
1662,1
30894,0
22900,0
31267,0
9161,1
6675,1
6450,1
2384,1
21108,0
31829,0
21531,0
23784,0
751,1
26945,0
31167,0
1799,1
5463,1
5144,1
24457,0
15013,1
27194,0
1268,1
674,1
8751,1
7900,1
3171,1
6915,1
11091,1
1669,1
1250,1
7435,1
25914,0
18259,0
28541,0
12627,1
16046,0
21382,0
7121,1
22557,0
6750,1
28952,0
25936,0
18485,0
14416,1
3653,1
494,1
4870,1
9251,1
8568,1
12703,1
929,1
24162,0
21637,0
6687,1
1981,1
1628,1
3391,1
3954,1
20654,0
14147,1
11716,1
28642,0
15891,1
11811,1
30406,0
27173,0
1487,1
2995,1
19243,0
3754,1
23909,0
21090,0
9484,1
9945,1
8562,1
16792,0
8278,1
31761,0
14834,1
24897,0
12303,1
6553,1
5225,1
2229,1
1909,1
16731,0
21973,0
1327,1
4932,1
2673,1
27789,0
12901,1
29382,0
7463,1
7544,1
24313,0
14001,1
24778,0
19849,0
16620,0
9409,1
11863,1
12504,1
13429,1
9130,1
13182,1
20241,0
21236,0
27465,0
22534,0
874,1
23720,0
31164,0
27759,0
12298,1
9660,1
4498,1
22298,0
5180,1
6201,1
25934,0
608,1
30280,0
19821,0
23559,0
11323,1
21914,0
1045,1
25856,0
579,1
9904,1
17487,0
5814,1
26317,0
18332,0
15722,1
10033,1
31283,0
19800,0
21780,0
31143,0
10572,1
6579,1
77,1
10805,1
15129,1
21480,0
7335,1
7405,1
7679,1
16813,0
1887,1
12227,1
29237,0
13174,1
16357,0
4472,1
31983,0
15901,1
27751,0
15734,1
15918,1
28496,0
21873,0
24530,0
5201,1
23102,0
30451,0
30678,0
26403,0
7609,1
5571,1
6713,1
21980,0
22182,0
26773,0
25786,0
17471,0
3459,1
3502,1
8326,1
3125,1
800,1
2678,1
19121,0
28569,0
19999,0
23016,0
23010,0
14009,1
18036,0
17588,0
18551,0
26320,0
25667,0
21709,0
4960,1
27997,0
13157,1
17553,0
21048,0
4445,1
30474,0
22650,0
26953,0
919,1
3198,1
29312,0
19864,0
12683,1
3813,1
29674,0
31262,0
24686,0
25283,0
21717,0
31026,0
22408,0
29874,0
17307,0
12196,1
26497,0
8950,1
27469,0
5854,1
17935,0
5627,1
6233,1
10678,1
31477,0
11314,1
29855,0
3143,1
563,1
24981,0
42,1
2679,1
21283,0
27714,0
26617,0
1675,1
28077,0
2830,1
626,1
13161,1
26230,0
20480,0
3399,1
30699,0
21611,0
24403,0
10455,1
22754,0
26386,0
23295,0
1248,1
1434,1
11409,1
4816,1
23785,0
4410,1
19150,0
26662,0
16999,0
21669,0
10483,1
31046,0
22194,0
4200,1
13659,1
29069,0
22333,0
25788,0
21793,0
18782,0
17211,0
7589,1
22126,0
9457,1
24570,0
12463,1
22806,0
16290,0
6640,1
3973,1
30095,0
2979,1
4294,1
7314,1
12154,1
2102,1
16329,0
18358,0
14917,1
17555,0
14686,1
21645,0
5383,1
2966,1
18204,0
22574,0
8919,1
19386,0
5505,1
11284,1
22197,0
8695,1
11434,1
25553,0
1533,1
12759,1
3850,1
20451,0
12857,1
4552,1
25421,0
3831,1
1091,1
1763,1
28079,0
22698,0
14918,1
15232,1
21736,0
8682,1
14487,1
5510,1
15607,1
11644,1
2495,1
13657,1
30189,0
11444,1
1550,1
10376,1
7447,1
1354,1
6623,1
9572,1
24727,0
24715,0
15272,1
1719,1
7603,1
31004,0
19675,0
18657,0
14784,1
22790,0
11864,1
59,1
16914,0
27903,0
1737,1
5763,1
28326,0
2072,1
27764,0
2721,1
17481,0
13610,1
3483,1
783,1
1941,1
7830,1
21808,0
5691,1
3061,1
8411,1
6045,1
1381,1
4286,1
15426,1
25183,0
23497,0
29004,0
10206,1
15574,1
14893,1
8533,1
5772,1
1333,1
7118,1
15228,1
19532,0
616,1
3980,1
26462,0
8447,1
27721,0
9633,1
16689,0
15444,1
19299,0
13329,1
19960,0
27092,0
1558,1
28629,0
30932,0
31124,0
18590,0
18023,0
2891,1
19250,0
604,1
2736,1
24273,0
10589,1
8708,1
31638,0
26665,0
14586,1
23108,0
3343,1
26562,0
3491,1
13899,1
22294,0
2045,1
28270,0
29687,0
14081,1
28717,0
23580,0
30476,0
12258,1
1437,1
31855,0
8514,1
25412,0
14701,1
15407,1
9107,1
15764,1
2603,1
17335,0
15554,1
15118,1
28135,0
10133,1
17892,0
29122,0
19918,0
10517,1
4204,1
22615,0
6896,1
6545,1
26168,0
16029,0
16666,0
15849,1
21125,0
26353,0
22702,0
10819,1
7149,1
15024,1
3016,1
16508,0
16211,0
8329,1
28253,0
15014,1
18347,0
18001,0
1410,1
17393,0
7145,1
11016,1
19024,0
10379,1
11173,1
11239,1
30179,0
13289,1
31632,0
19322,0
14524,1
28495,0
28224,0
16950,0
24672,0
11064,1
14296,1
16871,0
27921,0
24963,0
31371,0
6439,1
4825,1
2550,1
22203,0
28082,0
25036,0
7200,1
10214,1
9675,1
8184,1
12061,1
1199,1
29933,0
23666,0
15099,1
15261,1
2369,1
30609,0
2372,1
26814,0
31997,0
4117,1
15744,1
17954,0
14810,1
27518,0
25142,0
561,1
6487,1
25097,0
2932,1
28584,0
28683,0
18240,0
24340,0
16024,0
19764,0
25611,0
14436,1
21989,0
14534,1
17342,0
10895,1
14723,1
4793,1
17815,0
29522,0
25108,0
20140,0
16537,0
221,1
2394,1
3356,1
12489,1
27499,0
8643,1
22882,0
20386,0
17813,0
886,1
24565,0
29241,0
27240,0
25224,0
22212,0
8266,1
7331,1
6538,1
6747,1
9885,1
14109,1
13058,1
23091,0
17018,0
8057,1
9176,1
26900,0
7536,1
31358,0
6016,1
30810,0
23323,0
20010,0
2121,1
28630,0
17262,0
29082,0
20485,0
12615,1
18793,0
1200,1
27171,0
9856,1
14746,1
19004,0
12142,1
12931,1
3556,1
3910,1
430,1
3763,1
26120,0
6009,1
8511,1
14309,1
6715,1
23315,0
16371,0
717,1
16367,0
8885,1
12747,1
25739,0
18713,0
23370,0
22653,0
29552,0
25561,0
13173,1
21807,0
15156,1
14553,1
15216,1
21248,0
2485,1
29495,0
29486,0
28826,0
3168,1
15929,1
14805,1
8459,1
1148,1
2812,1
28666,0
2234,1
31265,0
15483,1
16420,0
18540,0
10839,1
11011,1
6739,1
18918,0
4685,1
18769,0
6346,1
16884,0
390,1
26809,0
9082,1
18768,0
21892,0
28081,0
27279,0
28450,0
3978,1
2720,1
932,1
27869,0
25389,0
17484,0
14985,1
27502,0
31596,0
5661,1
10181,1
16364,0
11007,1
20695,0
11357,1
11698,1
2465,1
25196,0
17886,0
18238,0
23635,0
28758,0
22786,0
18604,0
1370,1
3662,1
4251,1
16092,0
25126,0
27157,0
3747,1
19261,0
5243,1
7490,1
28602,0
8374,1
17613,0
11521,1
15536,1
30109,0
29887,0
4596,1
16611,0
3329,1
5190,1
27604,0
27858,0
2724,1
1583,1
15809,1
21420,0
27146,0
20476,0
8748,1
29547,0
14165,1
8500,1
7683,1
92,1
22066,0
19012,0
28058,0
8452,1
24463,0
142,1
20486,0
25909,0
30248,0
28715,0
6118,1
14774,1
10313,1
9705,1
5785,1
24061,0
27102,0
29503,0
25115,0
7549,1
23749,0
9163,1
21697,0
25360,0
23868,0
17768,0
13311,1
23241,0
5649,1
22792,0
2972,1
11130,1
2585,1
25782,0
18698,0
12073,1
19571,0
27923,0
30297,0
22975,0
4667,1
5628,1
31776,0
5046,1
8728,1
9348,1
6387,1
21952,0
23984,0
25714,0
17773,0
22445,0
2776,1
28044,0
12665,1
17066,0
27842,0
21821,0
13293,1
4255,1
2185,1
25917,0
14899,1
2701,1
26674,0
29445,0
31293,0
29487,0
7731,1
28053,0
11829,1
22989,0
26109,0
1704,1
18337,0
2143,1
14815,1
27096,0
19000,0
18160,0
30631,0
21638,0
13954,1
24614,0
4642,1
31816,0
12530,1
21222,0
12878,1
5607,1
22488,0
17860,0
17984,0
31818,0
21379,0
24230,0
14335,1
27526,0
1134,1
9209,1
17273,0
13684,1
10917,1
336,1
19979,0
16870,0
3264,1
10952,1
30596,0
30141,0
13703,1
19008,0
24335,0
11084,1
20798,0
7795,1
11124,1
14065,1
9030,1
17474,0
22195,0
25579,0
5611,1
2261,1
24638,0
7,1
5967,1
13750,1
29600,0
24266,0
15190,1
15516,1
10817,1
4572,1
25844,0
30888,0
20493,0
18742,0
877,1
28902,0
2712,1
10335,1
18142,0
29906,0
15789,1
22711,0
2528,1
1642,1
3244,1
23116,0
21321,0
28761,0
25456,0
24069,0
19023,0
31820,0
21483,0
24264,0
8658,1
29317,0
15106,1
24234,0
15421,1
22969,0
1076,1
29559,0
1661,1
5732,1
31037,0
10255,1
25556,0
14921,1
100,1
8415,1
26681,0
24950,0
28692,0
25926,0
3114,1
7162,1
5816,1
22449,0
4608,1
23976,0
24857,0
4548,1
11320,1
16631,0
4431,1
11566,1
18133,0
29872,0
12018,1
8749,1
6633,1
7383,1
7213,1
1759,1
19784,0
12500,1
11608,1
3563,1
21461,0
5436,1
13932,1
16301,0
19068,0
20999,0
7718,1
6491,1
4692,1
19851,0
25535,0
21439,0
10464,1
14539,1
9679,1
4036,1
29043,0
24211,0
560,1
6240,1
16068,0
28505,0
18626,0
5000,1
14646,1
23695,0
28561,0
14018,1
22522,0
15217,1
4791,1
29468,0
20067,0
8657,1
20433,0
21489,0
27766,0
14232,1
20992,0
24721,0
23170,0
722,1
16801,0
16098,0
17098,0
112,1
10176,1
29540,0
11112,1
15685,1
17427,0
27144,0
2717,1
8704,1
10992,1
30239,0
12980,1
22576,0
29268,0
11159,1
14003,1
22386,0
27199,0
25605,0
4448,1
28987,0
19610,0
11737,1
16234,0
10607,1
20822,0
9612,1
4752,1
15970,1
10553,1
30768,0
11289,1
23312,0
27747,0
19296,0
8369,1
15250,1
9274,1
5283,1
24567,0
29873,0
30209,0
31977,0
4746,1
640,1
21339,0
31881,0
7506,1
22213,0
7744,1
6577,1
7908,1
27647,0
30258,0
26640,0
30987,0
2877,1
6949,1
2381,1
18082,0
25718,0
18904,0
6951,1
27156,0
12806,1
19470,0
5807,1
5528,1
10592,1
21626,0
26745,0
10361,1
14603,1
22839,0
14844,1
9102,1
20810,0
13100,1
20260,0
20870,0
3455,1
17243,0
8069,1
30592,0
16118,0
6642,1
3479,1
1210,1
24308,0
27907,0
9974,1
10714,1
329,1
10399,1
12782,1
23739,0
5378,1
9715,1
14032,1
3832,1
6525,1
23979,0
2069,1
5529,1
27129,0
6910,1
20601,0
16860,0
29203,0
20233,0
29728,0
15782,1
15455,1
9393,1
16796,0
16189,0
4797,1
22437,0
23864,0
21636,0
13479,1
24045,0
4213,1
7565,1
20771,0
23544,0
19702,0
6287,1
29716,0
28774,0
19093,0
26819,0
25940,0
16958,0
21389,0
14122,1
10460,1
24023,0
4211,1
28097,0
10300,1
22965,0
4546,1
10471,1
22442,0
23390,0
27655,0
3004,1
24604,0
11204,1
22812,0
12192,1
9070,1
368,1
13319,1
21178,0
7570,1
30903,0
10949,1
4335,1
31969,0
16282,0
3884,1
13796,1
25601,0
18893,0
27,1
855,1
14457,1
20235,0
465,1
22543,0
15739,1
8905,1
28732,0
21917,0
29574,0
29604,0
23054,0
6444,1
3434,1
31397,0
16856,0
12055,1
20499,0
10063,1
23826,0
11374,1
19199,0
477,1
5787,1
20856,0
21499,0
20671,0
25962,0
23977,0
10106,1
5630,1
26000,0
5752,1
6205,1
31839,0
31610,0
8479,1
14656,1
24394,0
24755,0
22187,0
6074,1
28588,0
27207,0
20554,0
17078,0
27735,0
3274,1
12573,1
9303,1
16687,0
24176,0
853,1
25583,0
21654,0
7646,1
4819,1
27271,0
29524,0
24929,0
13147,1
14883,1
4338,1
7428,1
11824,1
20410,0
10478,1
12795,1
19772,0
23166,0
13665,1
12982,1
316,1
7418,1
26340,0
29852,0
16789,0
25910,0
18213,0
6770,1
6646,1
24669,0
15855,1
6085,1
7394,1
20666,0
297,1
3237,1
2364,1
12089,1
6295,1
17852,0
23582,0
1202,1
22628,0
12230,1
20970,0
18282,0
6395,1
19968,0
29438,0
6386,1
1257,1
6604,1
152,1
25924,0
17162,0
30472,0
412,1
10599,1
13367,1
1503,1
16685,0
5197,1
2252,1
19939,0
13091,1
940,1
3770,1
27548,0
16289,0
13811,1
25608,0
11074,1
17143,0
8510,1
29034,0
6705,1
31994,0
11161,1
3682,1
27573,0
28427,0
20568,0
949,1
16677,0
27715,0
20415,0
6923,1
5471,1
28747,0
2337,1
29656,0
16122,0
8048,1
15377,1
23890,0
4737,1
26948,0
29477,0
17994,0
14645,1
24156,0
15039,1
20905,0
6445,1
26284,0
11331,1
18053,0
5368,1
4865,1
21355,0
6369,1
2347,1
26637,0
21154,0
7461,1
8011,1
29568,0
13720,1
26507,0
20588,0
1100,1
28699,0
31403,0
1283,1
21574,0
4247,1
2937,1
6780,1
26326,0
31905,0
20129,0
24088,0
15247,1
16149,0
29314,0
28559,0
28047,0
7342,1
18561,0
3605,1
6513,1
22721,0
18400,0
29049,0
14445,1
3260,1
15161,1
4866,1
7547,1
31307,0
31326,0
5917,1
15641,1
17092,0
14450,1
22326,0
30598,0
21976,0
7290,1
4367,1
10718,1
13827,1
3166,1
11563,1
8272,1
30197,0
9001,1
10198,1
31019,0
12496,1
11153,1
19933,0
22779,0
2001,1
9830,1
31132,0
17440,0
11117,1
27832,0
28500,0
23264,0
15374,1
13861,1
12256,1
25135,0
16039,0
19033,0
17782,0
17524,0
13320,1
1758,1
9797,1
13059,1
8043,1
25963,0
29150,0
19224,0
8403,1
31805,0
30456,0
29770,0
28934,0
10492,1
21121,0
19907,0
11170,1
1325,1
19755,0
20720,0
3217,1
17890,0
10981,1
29183,0
30469,0
5640,1
19917,0
29641,0
28336,0
31850,0
5624,1
13122,1
8081,1
17779,0
14181,1
6379,1
22955,0
26652,0
8092,1
15879,1
10011,1
28546,0
15663,1
16643,0
21395,0
22143,0
11408,1
159,1
6465,1
30096,0
21519,0
23704,0
3024,1
5351,1
31721,0
27606,0
18159,0
13642,1
14389,1
4451,1
28016,0
29601,0
29606,0
10762,1
8015,1
16381,0
8169,1
24344,0
13041,1
27354,0
6076,1
450,1
2197,1
2371,1
18319,0
4920,1
15652,1
5219,1
259,1
30497,0
15731,1
28600,0
28000,0
4892,1
16513,0
30320,0
21052,0
30397,0
5376,1
9511,1
17191,0
24109,0
15209,1
2031,1
16935,0
9131,1
2080,1
22215,0
9436,1
29739,0
14225,1
25895,0
13607,1
23046,0
9901,1
17637,0
12286,1
11424,1
7847,1
20158,0
23926,0
3084,1
11081,1
28581,0
7333,1
5441,1
9413,1
24979,0
2498,1
8347,1
15227,1
25729,0
20710,0
11693,1
5337,1
28234,0
3660,1
29850,0
13687,1
2497,1
23203,0
12067,1
14077,1
24723,0
8042,1
6204,1
16361,0
16986,0
3019,1
2302,1
1636,1
13467,1
16759,0
13294,1
1517,1
5284,1
28653,0
7721,1
24464,0
26751,0
12104,1
6083,1
19596,0
9465,1
5004,1
139,1
5703,1
1934,1
25724,0
17289,0
29266,0
9391,1
20014,0
22820,0
3305,1
5132,1
4218,1
29831,0
30852,0
31757,0
31126,0
8126,1
30813,0
20858,0
147,1
23822,0
24126,0
26687,0
11226,1
15708,1
3735,1
5252,1
19372,0
22462,0
16395,0
24902,0
10915,1
7390,1
6801,1
7361,1
14361,1
14470,1
12400,1
9874,1
9087,1
28370,0
18566,0
26729,0
2147,1
3995,1
11224,1
12744,1
12420,1
12008,1
23529,0
20628,0
2417,1
5975,1
25055,0
29106,0
25087,0
9900,1
4130,1
30107,0
14614,1
18379,0
31856,0
23757,0
28766,0
6390,1
2878,1
11328,1
30445,0
7430,1
7903,1
24642,0
19092,0
21415,0
25078,0
23842,0
7470,1
17998,0
12869,1
18367,0
25175,0
16428,0
30475,0
15124,1
27772,0
29666,0
19531,0
15096,1
3914,1
7446,1
17444,0
17608,0
1679,1
25378,0
14074,1
16675,0
4914,1
27375,0
23698,0
7890,1
6209,1
21019,0
3203,1
1954,1
20701,0
23078,0
24793,0
26996,0
10692,1
1137,1
3402,1
19663,0
2779,1
29240,0
27284,0
2636,1
25526,0
4040,1
5106,1
10230,1
26803,0
13257,1
11451,1
26540,0
28037,0
8577,1
7618,1
1742,1
14540,1
24280,0
25104,0
16319,0
3457,1
18117,0
1852,1
25991,0
8831,1
15359,1
470,1
3163,1
10451,1
22093,0
23932,0
21449,0
21076,0
5241,1
31594,0
19360,0
12250,1
3788,1
11274,1
1968,1
6039,1
15045,1
25186,0
12000,1
3515,1
28476,0
5032,1
3579,1
21895,0
25901,0
31346,0
29304,0
30326,0
2214,1
28481,0
27004,0
7021,1
17856,0
23752,0
25409,0
13825,1
3449,1
29338,0
31716,0
17096,0
19364,0
4231,1
20672,0
15604,1
8887,1
5291,1
29099,0
7709,1
16734,0
13460,1
28833,0
11733,1
25052,0
1970,1
8819,1
29793,0
10254,1
9073,1
19414,0
18696,0
5339,1
14277,1
13691,1
27725,0
17728,0
17985,0
683,1
30705,0
1913,1
20375,0
15255,1
16117,0
20953,0
4658,1
12625,1
13508,1
25678,0
17130,0
7233,1
29989,0
24209,0
11850,1
18658,0
20557,0
23164,0
21683,0
12100,1
11021,1
30579,0
24807,0
19894,0
8419,1
21983,0
8822,1
1507,1
27491,0
18432,0
22562,0
18106,0
9299,1
20945,0
21212,0
4405,1
9933,1
4878,1
8333,1
21065,0
23233,0
241,1
11128,1
13474,1
13757,1
18140,0
8218,1
14618,1
14556,1
16721,0
13446,1
21192,0
13315,1
9595,1
26718,0
7362,1
19491,0
4992,1
26512,0
4223,1
5008,1
25459,0
13988,1
8684,1
7058,1
11422,1
21512,0
24169,0
7833,1
26854,0
19425,0
22912,0
4262,1
7764,1
17198,0
10394,1
4102,1
2253,1
17808,0
3590,1
3928,1
10550,1
4041,1
12254,1
3883,1
1356,1
26763,0
11504,1
11399,1
31819,0
15491,1
18694,0
12450,1
12036,1
10490,1
22548,0
25569,0
1985,1
2355,1
10826,1
7768,1
3820,1
13715,1
2945,1
4763,1
28420,0
22592,0
17561,0
11252,1
7265,1
16803,0
11564,1
2358,1
16179,0
1188,1
2907,1
26049,0
21646,0
19609,0
4137,1
24085,0
3110,1
17987,0
13317,1
31743,0
7047,1
8609,1
22138,0
27955,0
12404,1
9866,1
27513,0
4269,1
2086,1
6478,1
19868,0
911,1
12376,1
8425,1
6384,1
17923,0
20421,0
24803,0
3353,1
6427,1
18922,0
22131,0
12590,1
13994,1
24334,0
2091,1
5299,1
909,1
31321,0
25842,0
28923,0
13045,1
24097,0
24477,0
24959,0
27614,0
30289,0
11775,1
61,1
19959,0
16604,0
11265,1
18174,0
31453,0
3162,1
23310,0
11972,1
9233,1
8656,1
24896,0
6702,1
1774,1
27618,0
30655,0
4766,1
30367,0
31741,0
4462,1
6619,1
31956,0
1794,1
15776,1
24958,0
22173,0
3138,1
6676,1
30006,0
4838,1
14162,1
15025,1
4977,1
18860,0
16489,0
10284,1
30450,0
10068,1
7366,1
7798,1
28932,0
15076,1
17083,0
29974,0
4450,1
23149,0
14456,1
13686,1
5689,1
31665,0
16719,0
30198,0
31378,0
16556,0
9594,1
5541,1
20678,0
12390,1
5994,1
6575,1
28191,0
18994,0
31183,0
17380,0
2139,1
14655,1
29279,0
19512,0
7845,1
24892,0
20855,0
12430,1
16274,0
2056,1
18446,0
12856,1
22401,0
25474,0
2308,1
619,1
14172,1
5903,1
21475,0
2576,1
26501,0
5557,1
25578,0
27959,0
26337,0
18635,0
5082,1
25260,0
1097,1
6907,1
18129,0
17749,0
15927,1
28749,0
5344,1
25434,0
20207,0
3957,1
23044,0
27424,0
17909,0
22072,0
26742,0
13678,1
7661,1
19445,0
6441,1
9966,1
4374,1
14692,1
3070,1
4519,1
7698,1
9214,1
1008,1
11747,1
14023,1
3118,1
11591,1
16015,0
30782,0
11503,1
18823,0
31603,0
18388,0
17507,0
17569,0
15568,1
24760,0
28040,0
28796,0
14745,1
13860,1
17294,0
29212,0
7807,1
236,1
14909,1
9757,1
25925,0
15780,1
20687,0
21498,0
9146,1
18588,0
17231,0
23242,0
5916,1
9403,1
9166,1
15230,1
23512,0
2527,1
2801,1
3341,1
4154,1
4270,1
15432,1
3320,1
7092,1
28383,0
25435,0
22902,0
19281,0
980,1
28678,0
14898,1
105,1
245,1
26548,0
7918,1
7728,1
1099,1
26489,0
11068,1
9038,1
18316,0
13857,1
18824,0
23346,0
31191,0
24165,0
15662,1
6893,1
30116,0
2055,1
2689,1
9861,1
3352,1
7704,1
12174,1
2167,1
542,1
718,1
25191,0
9712,1
28800,0
21681,0
26855,0
8963,1
9048,1
16503,0
28350,0
4377,1
17409,0
23217,0
7749,1
28284,0
20227,0
6334,1
731,1
5059,1
27546,0
12708,1
12134,1
12687,1
24550,0
5780,1
15280,1
4821,1
7364,1
2511,1
17102,0
6389,1
15627,1
26642,0
13754,1
4555,1
18216,0
6261,1
8156,1
23887,0
28726,0
1095,1
19319,0
1131,1
22307,0
30112,0
5033,1
18640,0
23484,0
9355,1
18749,0
30769,0
30163,0
26298,0
1446,1
22227,0
2122,1
15757,1
7301,1
3901,1
9045,1
25385,0
28470,0
21049,0
21423,0
10789,1
10738,1
26740,0
9181,1
5728,1
16080,0
3708,1
23105,0
21888,0
28024,0
18252,0
23759,0
11149,1
12775,1
14699,1
14159,1
28014,0
10837,1
25318,0
30595,0
28355,0
22461,0
18021,0
5308,1
27421,0
13746,1
709,1
24201,0
29292,0
20171,0
18883,0
26336,0
16298,0
11096,1
870,1
9359,1
15522,1
9118,1
20217,0
2230,1
12574,1
4734,1
28991,0
1013,1
1652,1
12242,1
14948,1
3787,1
19415,0
4669,1
21070,0
19047,0
2714,1
93,1
29581,0
8013,1
20168,0
31522,0
14375,1
2871,1
31318,0
24320,0
13764,1
16312,0
6258,1
13313,1
31015,0
14007,1
21328,0
25071,0
28508,0
9179,1
31946,0
10827,1
24763,0
19490,0
22206,0
4195,1
1436,1
1075,1
25965,0
10354,1
20982,0
4389,1
21045,0
5841,1
28531,0
9965,1
15533,1
30900,0
6757,1
11219,1
30454,0
25251,0
2215,1
978,1
24992,0
21596,0
25151,0
4419,1
9328,1
10261,1
2578,1
25323,0
12739,1
27822,0
29031,0
22062,0
24453,0
17323,0
22897,0
25391,0
27674,0
26061,0
2157,1
2284,1
10858,1
26021,0
5507,1
14584,1
7042,1
11912,1
9630,1
4494,1
28102,0
13625,1
19533,0
16038,0
16121,0
25264,0
15553,1
4037,1
14194,1
14008,1
7278,1
17857,0
7960,1
30167,0
20188,0
17512,0
29968,0
5820,1
18866,0
5539,1
10640,1
11235,1
14558,1
939,1
8540,1
31923,0
10193,1
13626,1
29402,0
19042,0
21885,0
22338,0
31076,0
2017,1
9185,1
1614,1
21867,0
3230,1
21963,0
14473,1
28150,0
17181,0
15340,1
14301,1
30376,0
28243,0
21676,0
17303,0
8209,1
30600,0
18185,0
1500,1
2401,1
27589,0
21078,0
15535,1
23049,0
7296,1
26050,0
27190,0
13596,1
21219,0
13753,1
8160,1
4035,1
14925,1
17299,0
7606,1
17924,0
27457,0
10600,1
31687,0
25433,0
15317,1
27273,0
26723,0
2231,1
4705,1
13700,1
4336,1
6885,1
3017,1
3552,1
79,1
11920,1
24269,0
12620,1
25658,0
27212,0
14729,1
18487,0
24851,0
9696,1
31683,0
15908,1
6168,1
2635,1
18559,0
15309,1
15177,1
5349,1
24359,0
23192,0
24980,0
3592,1
4795,1
3715,1
26019,0
23811,0
3939,1
16989,0
17516,0
31344,0
22218,0
1218,1
311,1
22591,0
17067,0
1786,1
18664,0
20736,0
20648,0
16378,0
549,1
24586,0
18042,0
27854,0
25136,0
27559,0
16746,0
3332,1
12599,1
9098,1
29871,0
4704,1
26604,0
2606,1
22644,0
30225,0
27857,0
18481,0
30521,0
2223,1
16409,0
9206,1
19433,0
25752,0
11818,1
28269,0
2829,1
8824,1
24255,0
28748,0
6264,1
19761,0
26451,0
9770,1
18966,0
8836,1
8096,1
31713,0
27456,0
2019,1
30430,0
8303,1
22154,0
1556,1
21602,0
14204,1
11932,1
327,1
18705,0
24599,0
8049,1
8675,1
22341,0
4680,1
26572,0
3028,1
19747,0
21889,0
29172,0
22619,0
9234,1
22953,0
12311,1
26276,0
14404,1
22713,0
31426,0
5490,1
26957,0
315,1
20948,0
17108,0
15615,1
25915,0
21373,0
7605,1
725,1
3753,1
15068,1
4599,1
20313,0
779,1
25324,0
17071,0
23189,0
9538,1
28927,0
13972,1
16051,0
17681,0
21320,0
13664,1
21902,0
14227,1
9053,1
11382,1
30544,0
13740,1
2259,1
12056,1
5709,1
15447,1
27428,0
22825,0
17276,0
21445,0
3702,1
10358,1
18583,0
27165,0
11156,1
14653,1
13737,1
21098,0
18294,0
15943,1
8161,1
30375,0
16978,0
3216,1
27078,0
6112,1
29000,0
827,1
18612,0
12490,1
7204,1
5350,1
12797,1
27712,0
19987,0
17227,0
10314,1
30930,0
18336,0
4803,1
7448,1
12416,1
23356,0
5259,1
10610,1
1326,1
2385,1
8189,1
19928,0
27350,0
3654,1
30883,0
21481,0
2804,1
31810,0
17729,0
6795,1
20497,0
28921,0
15387,1
29134,0
19246,0
8377,1
26739,0
23156,0
2276,1
11870,1
5983,1
24267,0
28566,0
25964,0
805,1
7669,1
2491,1
25218,0
13663,1
30700,0
10192,1
31651,0
27534,0
17441,0
7318,1
23155,0
30102,0
3839,1
31384,0
6831,1
12359,1
3335,1
2068,1
7925,1
4656,1
12267,1
27577,0
29436,0
7240,1
10083,1
12853,1
23440,0
24035,0
2918,1
31697,0
19714,0
27782,0
25812,0
12251,1
25723,0
1414,1
31195,0
29937,0
30466,0
57,1
23776,0
14489,1
2982,1
24967,0
16114,0
11531,1
8750,1
23807,0
3645,1
16202,0
27680,0
18293,0
2961,1
5294,1
1052,1
25808,0
20128,0
30635,0
31788,0
9906,1
29182,0
11627,1
27062,0
27341,0
2875,1
4181,1
10491,1
20035,0
8567,1
27309,0
3129,1
15108,1
25042,0
21309,0
11756,1
31763,0
26777,0
11942,1
28848,0
2794,1
20729,0
25003,0
3635,1
11502,1
20661,0
31176,0
13499,1
19518,0
1715,1
18200,0
9205,1
25144,0
22274,0
19201,0
18864,0
31909,0
30728,0
15853,1
31032,0
9913,1
9769,1
21251,0
11043,1
21145,0
18457,0
18979,0
15737,1
13488,1
11215,1
24759,0
9813,1
31172,0
28381,0
2431,1
1160,1
30766,0
21583,0
25064,0
23488,0
7234,1
15298,1
29105,0
15252,1
28906,0
31691,0
27682,0
4386,1
23107,0
14867,1
28315,0
27264,0
9200,1
16410,0
31303,0
4707,1
19324,0
13332,1
593,1
10687,1
6603,1
22486,0
12817,1
5685,1
11987,1
115,1
22090,0
13946,1
14239,1
15954,1
19833,0
5791,1
16538,0
19679,0
27631,0
21640,0
21614,0
23850,0
14772,1
269,1
13025,1
15616,1
24141,0
20957,0
1903,1
992,1
859,1
19780,0
15549,1
25496,0
17411,0
21353,0
11171,1
15783,1
27504,0
11728,1
17639,0
27337,0
10697,1
11553,1
6173,1
26062,0
12844,1
21301,0
4134,1
27497,0
14261,1
31299,0
23673,0
17628,0
28078,0
26547,0
1816,1
7090,1
27324,0
1883,1
5017,1
17693,0
5322,1
3435,1
7619,1
14981,1
4455,1
20977,0
8159,1
14679,1
23639,0
18916,0
14734,1
18132,0
8505,1
25289,0
4168,1
29807,0
512,1
26677,0
28814,0
19462,0
21164,0
25726,0
8421,1
7710,1
3224,1
20305,0
22808,0
24521,0
2940,1
20859,0
26231,0
29052,0
25689,0
28366,0
14219,1
25439,0
5542,1
22189,0
8927,1
25589,0
18805,0
6464,1
26955,0
31236,0
16915,0
23791,0
5492,1
18806,0
15884,1
15684,1
31901,0
23068,0
3337,1
26914,0
4466,1
22236,0
26615,0
29435,0
8930,1
12020,1
11994,1
11978,1
15040,1
20072,0
23995,0
20782,0
3785,1
16714,0
22243,0
4199,1
15928,1
26704,0
21972,0
25878,0
19545,0
24347,0
26350,0
2807,1
17879,0
11550,1
9954,1
31616,0
20323,0
13214,1
10978,1
17463,0
16432,0
4703,1
7611,1
20362,0
17170,0
5509,1
15344,1
9577,1
3141,1
28147,0
8104,1
7376,1
1460,1
23680,0
14155,1
22214,0
23649,0
11623,1
30801,0
16002,0
11884,1
6307,1
26531,0
19072,0
18270,0
4425,1
28937,0
22943,0
2665,1
7315,1
5408,1
17949,0
29998,0
22083,0
318,1
7874,1
13698,1
6171,1
6002,1
22848,0
30806,0
5970,1
8564,1
25703,0
2967,1
19230,0
16065,0
27668,0
4750,1
16157,0
17959,0
7717,1
19838,0
4489,1
14185,1
9937,1
30576,0
6029,1
20221,0
24357,0
898,1
29100,0
11454,1
14589,1
782,1
22620,0
10121,1
10285,1
25793,0
16645,0
161,1
5844,1
3407,1
12161,1
624,1
10170,1
11945,1
10528,1
10160,1
11985,1
30247,0
18581,0
15090,1
22554,0
16637,0
11565,1
12441,1
1433,1
15031,1
19732,0
19957,0
28996,0
14310,1
6259,1
25177,0
31232,0
10307,1
31589,0
29771,0
9196,1
23234,0
967,1
17736,0
31432,0
27044,0
21238,0
2328,1
14413,1
28103,0
10698,1
19517,0
6789,1
19477,0
29087,0
716,1
20591,0
27679,0
4447,1
28490,0
4177,1
30250,0
17449,0
8662,1
27728,0
22050,0
14189,1
12007,1
13043,1
21799,0
26363,0
15701,1
13408,1
22657,0
31786,0
8566,1
30156,0
13507,1
19241,0
401,1
16629,0
2046,1
29557,0
26614,0
2057,1
22652,0
27390,0
19589,0
23786,0
29541,0
17216,0
25076,0
23396,0
1353,1
9289,1
22954,0
12309,1
25773,0
21918,0
29300,0
453,1
10549,1
11934,1
2099,1
801,1
3847,1
1743,1
7069,1
9529,1
25213,0
13137,1
13125,1
21295,0
44,1
4785,1
15561,1
30914,0
15835,1
29562,0
850,1
9219,1
15208,1
28219,0
3418,1
1966,1
9600,1
11445,1
25212,0
14695,1
27052,0
6049,1
21358,0
11469,1
8982,1
24881,0
29777,0
8017,1
26463,0
22970,0
11707,1
28878,0
16515,0
4239,1
21146,0
1190,1
3442,1
3494,1
16510,0
11996,1
11371,1
22775,0
1321,1
20914,0
8203,1
3699,1
1217,1
3595,1
23118,0
27922,0
1007,1
31036,0
29185,0
29525,0
13216,1
11462,1
31726,0
10146,1
29769,0
2093,1
9471,1
25584,0
24098,0
21428,0
15098,1
5245,1
1416,1
27906,0
10993,1
6342,1
28961,0
16704,0
22263,0
22964,0
27211,0
14038,1
22101,0
8400,1
30202,0
492,1
27641,0
16652,0
14078,1
9868,1
10316,1
10569,1
6685,1
8854,1
7812,1
22291,0
6855,1
11796,1
18606,0
22267,0
19107,0
10334,1
6120,1
531,1
8631,1
19384,0
25545,0
16161,0
4479,1
16768,0
20653,0
26857,0
17889,0
19672,0
23924,0
5415,1
31515,0
18607,0
26577,0
164,1
26813,0
14047,1
10876,1
28957,0
18164,0
2418,1
12337,1
29430,0
5525,1
25839,0
459,1
6468,1
22226,0
13284,1
5384,1
18266,0
13834,1
27233,0
12584,1
15620,1
17300,0
5247,1
22795,0
6849,1
17786,0
19862,0
25116,0
3422,1
5581,1
16200,0
30884,0
28716,0
20619,0
5699,1
28374,0
31402,0
6856,1
24415,0
9726,1
5494,1
16540,0
2106,1
5965,1
21985,0
10695,1
16571,0
15705,1
13866,1
17339,0
3936,1
29074,0
2115,1
20277,0
12263,1
14600,1
20288,0
26225,0
25697,0
16706,0
12277,1
31971,0
17854,0
31401,0
26786,0
2116,1
13778,1
31471,0
19280,0
9312,1
7230,1
24498,0
31841,0
29030,0
20768,0
9054,1
13259,1
17272,0
21176,0
1864,1
23213,0
22828,0
15206,1
2326,1
26964,0
11039,1
4539,1
29334,0
16671,0
18071,0
7232,1
230,1
19869,0
19383,0
29233,0
10594,1
4762,1
26207,0
14688,1
17574,0
7944,1
24358,0
6958,1
3555,1
10785,1
9549,1
23188,0
16440,0
13051,1
17850,0
12742,1
17767,0
26981,0
13612,1
8054,1
4759,1
12226,1
17655,0
30978,0
17312,0
25070,0
29826,0
27752,0
14766,1
14429,1
4965,1
9812,1
13,1
18982,0
31339,0
18054,0
27251,0
26570,0
14012,1
13510,1
12981,1
20892,0
17675,0
21673,0
13629,1
20703,0
10267,1
25311,0
3996,1
29473,0
5237,1
31444,0
30482,0
2258,1
9358,1
487,1
7246,1
26544,0
16608,0
12363,1
7819,1
28657,0
7153,1
19841,0
29882,0
4253,1
28576,0
17642,0
22627,0
18209,0
28775,0
22985,0
26082,0
24545,0
21135,0
16973,0
31995,0
460,1
10108,1
11843,1
1508,1
13344,1
19132,0
25537,0
29697,0
3918,1
5710,1
5756,1
23981,0
4521,1
3133,1
19240,0
3868,1
29625,0
4331,1
2816,1
13179,1
16350,0
28986,0
29956,0
20697,0
1037,1
16342,0
27076,0
14845,1
10389,1
17046,0
18405,0
31051,0
29313,0
16831,0
29820,0
3445,1
18842,0
8758,1
21180,0
23769,0
7345,1
3554,1
4755,1
17548,0
18094,0
4617,1
21970,0
14061,1
28275,0
9555,1
18354,0
9846,1
11065,1
11967,1
15471,1
3874,1
24482,0
24825,0
21825,0
29450,0
18591,0
29001,0
31246,0
29572,0
14058,1
29038,0
2027,1
8921,1
10029,1
19190,0
30115,0
26239,0
10186,1
5264,1
27436,0
24337,0
28502,0
11894,1
27288,0
31642,0
15784,1
24204,0
12632,1
28821,0
4557,1
6931,1
15314,1
13303,1
21448,0
21601,0
12916,1
14665,1
539,1
28111,0
3283,1
26133,0
24381,0
16278,0
21939,0
26782,0
25955,0
18130,0
4308,1
28254,0
31575,0
11003,1
21920,0
27071,0
10729,1
15442,1
8936,1
16061,0
1557,1
23935,0
13520,1
23182,0
2158,1
22389,0
29392,0
13943,1
28429,0
29634,0
5948,1
27525,0
26631,0
17296,0
20675,0
7384,1
5993,1
16052,0
20684,0
901,1
3993,1
3814,1
13621,1
9158,1
4113,1
15972,1
5467,1
2825,1
27274,0
12543,1
3123,1
13070,1
30628,0
6479,1
7927,1
13452,1
5409,1
16233,0
23405,0
23768,0
23255,0
18064,0
9427,1
3392,1
22742,0
24191,0
21199,0
28668,0
1604,1
15987,1
24882,0
7481,1
5668,1
21167,0
17206,0
14758,1
26450,0
17233,0
27142,0
6740,1
18597,0
14396,1
21106,0
14768,1
13180,1
652,1
13005,1
5145,1
16308,0
13918,1
13781,1
30499,0
5625,1
18089,0
24015,0
27515,0
2709,1
17895,0
16682,0
22572,0
15978,1
10232,1
19096,0
10523,1
28028,0
8273,1
10201,1
357,1
25931,0
8671,1
30044,0
321,1
1472,1
23748,0
3642,1
21729,0
6269,1
18600,0
1791,1
21495,0
15511,1
22305,0
23614,0
17682,0
13222,1
3647,1
29378,0
15676,1
2620,1
7666,1
4246,1
2300,1
28143,0
10752,1
5199,1
2757,1
8179,1
11594,1
30984,0
30634,0
7359,1
910,1
209,1
20658,0
15424,1
29290,0
7730,1
23262,0
19700,0
7815,1
9452,1
13647,1
2428,1
20665,0
19900,0
6190,1
7489,1
25626,0
16994,0
8306,1
16439,0
6277,1
312,1
16453,0
2519,1
11779,1
22654,0
24538,0
14691,1
29029,0
3265,1
26917,0
17120,0
22451,0
29985,0
13690,1
5488,1
26420,0
3448,1
31370,0
19948,0
26359,0
30113,0
19516,0
1516,1
8779,1
31250,0
12352,1
10603,1
6315,1
29179,0
24471,0
2201,1
25798,0
19502,0
30729,0
9351,1
21929,0
31493,0
27213,0
21993,0
25960,0
24772,0
20819,0
24731,0
7924,1
23899,0
3587,1
15726,1
9576,1
29818,0
8408,1
21210,0
2728,1
351,1
3907,1
17615,0
31949,0
20790,0
880,1
10764,1
19632,0
21467,0
3765,1
12656,1
29211,0
9540,1
2879,1
15961,1
6496,1
18422,0
23308,0
20214,0
21591,0
30757,0
31138,0
7985,1
30478,0
6382,1
20502,0
26931,0
1685,1
17928,0
5438,1
30066,0
19553,0
20251,0
5806,1
9699,1
12476,1
23115,0
19155,0
31008,0
6047,1
5451,1
16172,0
26894,0
11981,1
29959,0
2318,1
30050,0
5479,1
5871,1
5575,1
4688,1
26415,0
19825,0
8472,1
28863,0
2387,1
1039,1
19607,0
13905,1
19203,0
23823,0
14324,1
22681,0
28274,0
29914,0
20926,0
14179,1
31084,0
13292,1
11287,1
425,1
26801,0
18911,0
23565,0
29920,0
15709,1
10498,1
5781,1
16288,0
15655,1
27636,0
31739,0
22448,0
22037,0
706,1
5833,1
13887,1
24797,0
10458,1
25103,0
27147,0
25810,0
16399,0
21693,0
14116,1
26903,0
20784,0
14905,1
10526,1
9819,1
13915,1
7367,1
24895,0
21203,0
17867,0
6821,1
9117,1
27019,0
15358,1
3496,1
28443,0
3358,1
28041,0
15681,1
1223,1
22019,0
26351,0
23779,0
12864,1
1284,1
10979,1
9805,1
7036,1
17638,0
31952,0
11188,1
30885,0
4894,1
13242,1
8571,1
76,1
22301,0
1184,1
22945,0
8582,1
15689,1
31349,0
583,1
4152,1
29190,0
23336,0
125,1
3873,1
14731,1
26381,0
3346,1
14640,1
8486,1
5328,1
21532,0
16658,0
17947,0
26373,0
9423,1
26716,0
18473,0
1576,1
22849,0
31228,0
11375,1
364,1
8484,1
7800,1
20877,0
24239,0
8606,1
3334,1
22530,0
20774,0
3862,1
13853,1
3674,1
1407,1
24278,0
28696,0
19483,0
15876,1
12659,1
30758,0
2053,1
16238,0
22540,0
6051,1
30573,0
19863,0
21597,0
13578,1
8941,1
17025,0
12092,1
3855,1
30965,0
10502,1
28759,0
15988,1
168,1
2710,1
5359,1
16774,0
21634,0
24331,0
8948,1
16669,0
1757,1
21575,0
31053,0
16560,0
30287,0
11037,1
26037,0
19638,0
7344,1
25371,0
15395,1
14984,1
6584,1
31674,0
25980,0
31086,0
9472,1
2483,1
1404,1
15116,1
31649,0
22060,0
25699,0
16094,0
25725,0
23551,0
21317,0
21658,0
31764,0
10508,1
27951,0
5847,1
22623,0
6842,1
14868,1
6224,1
30901,0
28319,0
10655,1
17030,0
27810,0
17044,0
13511,1
22660,0
11395,1
30610,0
28693,0
12072,1
4502,1
224,1
18146,0
16450,0
12248,1
25765,0
3007,1
14787,1
13394,1
10219,1
29535,0
11042,1
23865,0
30479,0
6605,1
21521,0
6785,1
16713,0
12026,1
957,1
2912,1
5134,1
5735,1
3139,1
8573,1
5131,1
9323,1
30532,0
12641,1
16642,0
30590,0
30467,0
4949,1
7033,1
10504,1
1707,1
10112,1
27298,0
8589,1
29630,0
6690,1
24998,0
17109,0
17367,0
20187,0
5646,1
21401,0
7220,1
30059,0
21140,0
19479,0
17144,0
20252,0
4039,1
23531,0
12628,1
23229,0
25829,0
6446,1
17804,0
22894,0
13650,1
11583,1
4325,1
15719,1
7120,1
10391,1
22377,0
11107,1
31016,0
1547,1
21900,0
28803,0
29138,0
292,1
7514,1
23278,0
5533,1
11184,1
19038,0
23939,0
18930,0
20338,0
27529,0
9164,1
4128,1
16549,0
30420,0
30196,0
5311,1
26526,0
31190,0
31542,0
9985,1
4202,1
17124,0
25377,0
31465,0
7794,1
11487,1
5338,1
6672,1
19547,0
16656,0
26946,0
2911,1
21817,0
3856,1
7904,1
4971,1
15619,1
23439,0
5094,1
10388,1
15656,1
21642,0
23724,0
1670,1
22283,0
2238,1
30040,0
9967,1
3955,1
12283,1
360,1
3695,1
27413,0
10645,1
23236,0
6374,1
28015,0
7519,1
11369,1
6187,1
19744,0
12854,1
26444,0
28628,0
6753,1
223,1
27651,0
17293,0
22947,0
31932,0
30741,0
22085,0
10109,1
13030,1
20396,0
14460,1
6850,1
26059,0
22550,0
9564,1
16050,0
7441,1
20857,0
23589,0
12503,1
3968,1
29817,0
15743,1
10969,1
21350,0
15373,1
2012,1
29428,0
17031,0
21202,0
2350,1
13370,1
25668,0
30055,0
6265,1
29589,0
29696,0
5770,1
29256,0
31481,0
31991,0
22337,0
12435,1
19166,0
18951,0
6634,1
25950,0
28474,0
6858,1
20195,0
3859,1
20287,0
2151,1
17957,0
14055,1
10898,1
30412,0
6989,1
7486,1
4672,1
23879,0
13873,1
26208,0
16820,0
18717,0
31883,0
5077,1
6677,1
27365,0
25875,0
17229,0
23553,0
7505,1
17661,0
30928,0
14212,1
11784,1
9353,1
19973,0
29879,0
4334,1
28216,0
18312,0
7351,1
17750,0
6617,1
5783,1
18192,0
16499,0
25954,0
13532,1
24285,0
6590,1
6834,1
31178,0
14167,1
24163,0
12516,1
1683,1
8955,1
1104,1
4081,1
23710,0
19017,0
6941,1
21281,0
9362,1
24385,0
11353,1
5100,1
22668,0
4696,1
14933,1
10289,1
2532,1
23038,0
20147,0
30644,0
11095,1
7336,1
26139,0
17980,0
22065,0
25978,0
30390,0
24562,0
26873,0
4952,1
9742,1
16690,0
3551,1
1656,1
23538,0
31992,0
9339,1
31090,0
9765,1
2256,1
3231,1
26026,0
10944,1
13587,1
18700,0
14107,1
30677,0
12260,1
14575,1
1151,1
25819,0
11930,1
8141,1
12165,1
26850,0
10571,1
10474,1
10651,1
18217,0
17644,0
10829,1
5554,1
4564,1
29315,0
19526,0
24389,0
25938,0
25403,0
177,1
15237,1
14839,1
31656,0
27095,0
22440,0
7532,1
11545,1
8343,1
5116,1
7459,1
24716,0
24437,0
16025,0
14780,1
28062,0
8686,1
9152,1
27312,0
31462,0
1247,1
21704,0
21159,0
14604,1
10951,1
4482,1
15050,1
25551,0
14798,1
18783,0
18812,0
13049,1
20495,0
432,1
2726,1
30556,0
21062,0
27023,0
508,1
31072,0
17901,0
27698,0
6631,1
6133,1
3238,1
22057,0
26865,0
25049,0
23705,0
23387,0
4735,1
24250,0
28340,0
19421,0
3311,1
8766,1
9453,1
26993,0
1123,1
20887,0
2196,1
3920,1
15678,1
23735,0
14527,1
469,1
30292,0
18790,0
31670,0
31561,0
8055,1
9165,1
2977,1
31731,0
4057,1
26389,0
30963,0
2564,1
2667,1
28465,0
29961,0
2761,1
14788,1
124,1
31492,0
28320,0
22883,0
30218,0
30394,0
15947,1
14004,1
8198,1
12569,1
5370,1
24183,0
18321,0
20032,0
20947,0
9932,1
14943,1
11482,1
9796,1
12536,1
13867,1
5706,1
3008,1
27035,0
26119,0
7393,1
21756,0
16071,0
28378,0
29967,0
4883,1
10582,1
5670,1
8149,1
30566,0
11651,1
16711,0
6836,1
902,1
1083,1
24316,0
1111,1
31285,0
14174,1
4728,1
382,1
27479,0
21513,0
30048,0
1448,1
23918,0
16532,0
19681,0
30224,0
13083,1
1944,1
27582,0
26619,0
7066,1
29624,0
2438,1
11333,1
21119,0
16158,0
23120,0
26430,0
23519,0
15893,1
25970,0
3195,1
4415,1
30642,0
5959,1
4660,1
23265,0
28633,0
18025,0
4695,1
23376,0
15136,1
26875,0
30267,0
20454,0
20363,0
14713,1
16085,0
29868,0
4483,1
9257,1
9809,1
12397,1
24364,0
8451,1
24719,0
4922,1
7714,1
1288,1
25428,0
29276,0
10484,1
13318,1
2445,1
9989,1
10961,1
9437,1
17200,0
29067,0
22579,0
11764,1
18176,0
18940,0
27364,0
11309,1
29405,0
10442,1
30554,0
11559,1
11969,1
20003,0
7493,1
25069,0
8645,1
20364,0
13358,1
28616,0
12892,1
30785,0
31550,0
9795,1
18161,0
25534,0
8185,1
9040,1
29226,0
1194,1
10265,1
22553,0
22095,0
31704,0
22915,0
1892,1
26100,0
28626,0
1629,1
4569,1
1696,1
18750,0
3961,1
5740,1
13035,1
18701,0
23420,0
25139,0
15015,1
20769,0
27442,0
23586,0
21080,0
13509,1
5230,1
17927,0
10185,1
28119,0
14629,1
22780,0
23398,0
18544,0
27467,0
24154,0
7633,1
11615,1
26939,0
28286,0
13146,1
21226,0
23132,0
19857,0
12539,1
12487,1
12443,1
7402,1
26143,0
3106,1
19574,0
5192,1
13312,1
13162,1
17285,0
28321,0
27050,0
29217,0
31469,0
30876,0
10593,1
26237,0
702,1
11776,1
10390,1
10092,1
28023,0
25728,0
10946,1
18518,0
30310,0
26437,0
4630,1
19223,0
9926,1
17222,0
12270,1
25795,0
25824,0
3331,1
5922,1
13602,1
9525,1
17563,0
1379,1
4214,1
26136,0
31793,0
5591,1
16096,0
7782,1
15820,1
6691,1
17263,0
26622,0
2507,1
12109,1
29119,0
30520,0
20376,0
16940,0
10988,1
14569,1
1062,1
17457,0
8073,1
16634,0
31553,0
22785,0
518,1
16963,0
1280,1
5565,1
3678,1
6454,1
14069,1
27380,0
21075,0
31821,0
5913,1
19052,0
23368,0
16800,0
15999,0
24475,0
23867,0
2593,1
15302,1
26175,0
30319,0
4287,1
30659,0
25641,0
25973,0
27082,0
27498,0
25731,0
29925,0
5800,1
4650,1
25787,0
16501,0
24860,0
4133,1
13266,1
23097,0
12459,1
5889,1
15320,1
25002,0
2683,1
2690,1
30749,0
30561,0
20203,0
12043,1
2435,1
10173,1
9365,1
11241,1
13334,1
24361,0
1745,1
6956,1
6316,1
13061,1
8269,1
28414,0
30305,0
10781,1
28650,0
22541,0
25969,0
16769,0
29994,0
5614,1
29294,0
18898,0
14041,1
27418,0
30349,0
2534,1
21256,0
22146,0
30075,0
30672,0
1863,1
22216,0
21751,0
1755,1
19381,0
17733,0
28099,0
13685,1
30662,0
4341,1
1592,1
10085,1
19460,0
6922,1
1769,1
7663,1
24673,0
8551,1
4629,1
15805,1
26580,0
4619,1
12751,1
4257,1
21672,0
8083,1
13615,1
22172,0
20142,0
5711,1
28473,0
20737,0
6876,1
28008,0
20335,0
1489,1
27570,0
3889,1
23430,0
23226,0
2863,1
9430,1
19934,0
9481,1
26371,0
17853,0
7423,1
23911,0
29219,0
20092,0
23245,0
9747,1
18335,0
3739,1
2615,1
6772,1
15505,1
26356,0
5851,1
21610,0
16816,0
1567,1
3535,1
31422,0
23574,0
11438,1
2865,1
7511,1
31568,0
5894,1
21479,0
29387,0
30461,0
12589,1
14014,1
29367,0
2732,1
1438,1
3558,1
11631,1
9691,1
27322,0
9106,1
12349,1
28988,0
2137,1
21408,0
9627,1
26668,0
14052,1
15410,1
5694,1
198,1
5371,1
4771,1
2996,1
11871,1
28439,0
26245,0
30162,0
31960,0
9834,1
3582,1
14151,1
1990,1
24222,0
10288,1
17539,0
10733,1
21880,0
17195,0
18731,0
2172,1
22456,0
4170,1
193,1
24496,0
24180,0
6480,1
3749,1
25677,0
17277,0
5932,1
27414,0
8520,1
16732,0
1995,1
15000,1
26558,0
14343,1
18643,0
9081,1
7155,1
27825,0
29225,0
14461,1
6150,1
2704,1
25430,0
18827,0
31536,0
2008,1
6081,1
12411,1
26759,0
21925,0
14711,1
5193,1
11166,1
5543,1
28076,0
23672,0
26367,0
17971,0
9455,1
11429,1
12173,1
11001,1
23354,0
19792,0
8773,1
27528,0
7431,1
30679,0
11950,1
28577,0
10048,1
13652,1
17292,0
20806,0
445,1
20276,0
4427,1
11191,1
23306,0
21485,0
12760,1
15154,1
24013,0
30099,0
9298,1
11701,1
22489,0
14724,1
8515,1
10413,1
13036,1
8388,1
27216,0
4277,1
9284,1
18283,0
8768,1
27954,0
24971,0
21459,0
15180,1
9306,1
8672,1
6899,1
15329,1
3169,1
3537,1
26433,0
28606,0
4794,1
15182,1
12907,1
5911,1
6541,1
29077,0
29148,0
21788,0
29239,0
12601,1
20427,0
22948,0
29638,0
15004,1
15233,1
12213,1
14384,1
3830,1
30711,0
26048,0
26431,0
7316,1
13524,1
15399,1
9997,1
25803,0
5163,1
12718,1
7545,1
27294,0
21179,0
19986,0
25855,0
19834,0
31504,0
13649,1
25857,0
2868,1
25149,0
27374,0
18303,0
14351,1
31779,0
19365,0
4676,1
26223,0
15761,1
2370,1
6948,1
21910,0
7095,1
6161,1
11401,1
31842,0
4716,1
2405,1
6786,1
6066,1
20393,0
28520,0
3167,1
19575,0
4352,1
3967,1
12965,1
2198,1
1401,1
26046,0
4549,1
78,1
8634,1
12499,1
23566,0
29272,0
24229,0
6630,1
31886,0
11137,1
19032,0
28430,0
7894,1
6568,1
3777,1
6207,1
8493,1
17629,0
16303,0
24350,0
23246,0
17368,0
7185,1
26328,0
21526,0
11612,1
31304,0
2399,1
26264,0
5495,1
28297,0
28599,0
7073,1
1637,1
18406,0
5437,1
8978,1
17621,0
11288,1
19458,0
6232,1
520,1
160,1
14669,1
7935,1
17316,0
13909,1
14276,1
7823,1
5395,1
18047,0
18798,0
16840,0
23344,0
28967,0
21943,0
29722,0
16982,0
17739,0
25840,0
28768,0
23124,0
22939,0
27292,0
3716,1
14070,1
8077,1
28665,0
1917,1
28725,0
3036,1
26162,0
16881,0
23733,0
29986,0
31428,0
12438,1
8555,1
21204,0
8482,1
31177,0
600,1
8171,1
1677,1
1113,1
497,1
31012,0
4668,1
4021,1
23407,0
9504,1
14358,1
22782,0
30898,0
23772,0
987,1
10066,1
9137,1
15528,1
25816,0
28795,0
27222,0
3471,1
7479,1
2971,1
11869,1
16847,0
13113,1
24961,0
21276,0
1229,1
13828,1
24411,0
27718,0
2074,1
11787,1
4566,1
11246,1
4655,1
30270,0
3342,1
16531,0
8127,1
11705,1
27791,0
20569,0
30324,0
23324,0
6792,1
3601,1
1574,1
12716,1
16673,0
15153,1
10580,1
25977,0
2353,1
12410,1
26205,0
3192,1
24713,0
5857,1
29823,0
6284,1
20102,0
29010,0
23030,0
15030,1
9174,1
30190,0
5177,1
646,1
17716,0
23736,0
3795,1
16651,0
19095,0
9793,1
20484,0
23665,0
8754,1
5472,1
30431,0
1729,1
29324,0
14577,1
24161,0
7897,1
23933,0
3700,1
10635,1
9229,1
326,1
29144,0
31351,0
15610,1
13964,1
10916,1
19106,0
24534,0
19049,0
25309,0
29096,0
28865,0
10052,1
6176,1
6136,1
16022,0
17485,0
2630,1
6254,1
26830,0
15103,1
1162,1
18274,0
19514,0
8928,1
1698,1
29792,0
12710,1
15706,1
3630,1
19316,0
31368,0
2443,1
28608,0
21722,0
8944,1
27521,0
27517,0
19213,0
14441,1
9953,1
4957,1
4432,1
30663,0
26482,0
14415,1
20040,0
12738,1
25024,0
28333,0
25650,0
15981,1
12346,1
21655,0
17863,0
97,1
13432,1
13973,1
955,1
4067,1
4947,1
29537,0
3064,1
104,1
22251,0
11858,1
4095,1
30751,0
4103,1
30159,0
11330,1
7340,1
22763,0
11163,1
7755,1
20946,0
25871,0
643,1
553,1
11449,1
19069,0
11123,1
14356,1
6699,1
4806,1
10332,1
3685,1
2459,1
22998,0
18697,0
3651,1
14233,1
6131,1
11102,1
8364,1
20432,0
28689,0
15530,1
9462,1
229,1
23100,0
26471,0
12756,1
21112,0
2202,1
4413,1
4633,1
15800,1
11421,1
19443,0
27304,0
17012,0
9282,1
7837,1
28064,0
17694,0
21711,0
3505,1
3492,1
18314,0
429,1
19742,0
2520,1
8867,1
13739,1
13571,1
21550,0
11763,1
2496,1
29613,0
10117,1
23070,0
14542,1
10249,1
15110,1
2344,1
18525,0
3806,1
16385,0
10772,1
3983,1
3945,1
24503,0
17906,0
27383,0
19984,0
3593,1
15462,1
7814,1
14357,1
26567,0
8755,1
29238,0
18483,0
16959,0
19728,0
1603,1
21971,0
8650,1
21592,0
7135,1
12455,1
2692,1
13655,1
7273,1
21047,0
6684,1
29048,0
18228,0
16349,0
14906,1
21625,0
4777,1
3881,1
27736,0
5156,1
30377,0
12125,1
14083,1
24429,0
599,1
20533,0
24272,0
12068,1
3944,1
9259,1
28089,0
17464,0
27556,0
1678,1
30735,0
15003,1
27699,0
11673,1
10853,1
23235,0
24594,0
22099,0
973,1
28757,0
12505,1
1163,1
30233,0
3815,1
28931,0
21267,0
27704,0
30398,0
16193,0
26249,0
20803,0
22568,0
3328,1
22816,0
20144,0
467,1
12726,1
5379,1
25365,0
244,1
12488,1
182,1
21765,0
6331,1
29821,0
10488,1
4115,1
1213,1
17280,0
24173,0
17230,0
16806,0
11233,1
13674,1
2700,1
18226,0
456,1
9458,1
30135,0
27799,0
9444,1
30182,0
8842,1
13428,1
11547,1
4706,1
23709,0
23022,0
30809,0
21585,0
26847,0
9884,1
24935,0
4185,1
3576,1
18510,0
12600,1
26067,0
12575,1
14924,1
27313,0
2289,1
2663,1
2750,1
15201,1
11452,1
9498,1
11520,1
17549,0
1923,1
4473,1
20424,0
14331,1
3591,1
14127,1
7891,1
27705,0
9383,1
22862,0
27737,0
3997,1
17346,0
3816,1
11428,1
12335,1
8541,1
16573,0
6365,1
4842,1
15854,1
8709,1
31609,0
10922,1
10021,1
11961,1
6854,1
30030,0
18396,0
2548,1
30638,0
17056,0
23595,0
27434,0
12602,1
2450,1
530,1
3076,1
118,1
15646,1
18980,0
29819,0
13251,1
441,1
7948,1
14806,1
8909,1
1204,1
23812,0
27416,0
14086,1
25989,0
25244,0
8746,1
6180,1
20156,0
14124,1
30129,0
20468,0
18663,0
17753,0
4161,1
10439,1
9701,1
1906,1
19282,0
7191,1
9466,1
23358,0
9080,1
2631,1
11483,1
30490,0
19305,0
27490,0
11585,1
27392,0
17470,0
27470,0
5823,1
30580,0
6309,1
29990,0
8236,1
31169,0
13852,1
12024,1
7231,1
15749,1
4899,1
1267,1
8967,1
24167,0
25329,0
30899,0
25804,0
23037,0
21497,0
27583,0
5842,1
12971,1
11997,1
62,1
19430,0
17697,0
8047,1
15949,1
25159,0
10003,1
16243,0
19888,0
20416,0
25238,0
10365,1
16067,0
23715,0
24608,0
1609,1
17010,0
5221,1
26833,0
11403,1
6601,1
8796,1
20917,0
28283,0
28060,0
30516,0
711,1
8890,1
20154,0
18653,0
10914,1
16526,0
5687,1
12444,1
19115,0
29839,0
9267,1
30546,0
10800,1
19339,0
20317,0
22254,0
31569,0
22835,0
26344,0
12094,1
1081,1
18991,0
14588,1
18875,0
21865,0
13126,1
8719,1
16841,0
29610,0
5825,1
23616,0
9405,1
24708,0
19565,0
591,1
18273,0
13096,1
25976,0
27061,0
8227,1
29907,0
17955,0
25619,0
1033,1
18357,0
24852,0
11332,1
340,1
28129,0
20340,0
30845,0
27827,0
5722,1
22063,0
8673,1
17806,0
4524,1
3088,1
7304,1
5278,1
21995,0
19923,0
11285,1
29027,0
2184,1
16460,0
5658,1
11962,1
31606,0
12216,1
24845,0
9647,1
22587,0
11658,1
25280,0
11827,1
17121,0
21354,0
6661,1
4931,1
11933,1
20837,0
17636,0
19785,0
12312,1
13326,1
21866,0
20913,0
4666,1
3597,1
3124,1
13071,1
24508,0
16595,0
17163,0
25043,0
5214,1
8086,1
6086,1
14330,1
30682,0
8078,1
25114,0
23569,0
16716,0
30327,0
22537,0
29840,0
18451,0
2954,1
1901,1
23775,0
28873,0
735,1
6407,1
23998,0
12301,1
10804,1
23040,0
20183,0
10472,1
12531,1
17913,0
19361,0
13331,1
18083,0
6509,1
19746,0
8110,1
23532,0
25890,0
7317,1
22933,0
21228,0
6134,1
14308,1
8743,1
18048,0
16276,0
8155,1
21770,0
28306,0
9704,1
17136,0
20515,0
4831,1
26807,0
24421,0
25946,0
1746,1
19174,0
5725,1
12891,1
20851,0
10130,1
14283,1
24034,0
20341,0
15022,1
28753,0
31708,0
24703,0
22397,0
18765,0
29126,0
22163,0
13903,1
14965,1
21665,0
3297,1
9915,1
11665,1
8972,1
26114,0
15396,1
11604,1
25303,0
19644,0
3858,1
22332,0
26416,0
27486,0
29684,0
1319,1
30128,0
31131,0
19647,0
17149,0
11635,1
3947,1
18428,0
7677,1
6599,1
29741,0
31075,0
13639,1
2887,1
7617,1
24687,0
17523,0
9622,1
23919,0
5380,1
26960,0
2415,1
2005,1
26926,0
16144,0
10665,1
3282,1
9732,1
31940,0
10398,1
17394,0
3519,1
13743,1
13101,1
31429,0
3620,1
22580,0
565,1
12791,1
21003,0
28551,0
31291,0
21094,0
2388,1
31666,0
14173,1
20160,0
17099,0
18636,0
16850,0
6402,1
451,1
11938,1
27937,0
19232,0
15269,1
1713,1
53,1
18821,0
13458,1
9265,1
3732,1
29776,0
29805,0
28141,0
1066,1
10715,1
10005,1
20632,0
11876,1
10452,1
12079,1
23183,0
3531,1
23239,0
7152,1
10628,1
12789,1
27639,0
15356,1
18528,0
14662,1
5288,1
29248,0
2634,1
27099,0
25152,0
23362,0
16926,0
1965,1
28493,0
8075,1
9369,1
5273,1
8032,1
13198,1
7628,1
17921,0
5928,1
21588,0
6228,1
20353,0
24274,0
31486,0
13976,1
23169,0
31508,0
28647,0
5457,1
21974,0
16535,0
7124,1
25631,0
23148,0
29320,0
8790,1
3872,1
9518,1
26950,0
27843,0
15183,1
17634,0
27553,0
18264,0
30639,0
29733,0
13451,1
29751,0
23480,0
7136,1
9136,1
15381,1
19474,0
27352,0
11927,1
15717,1
19661,0
18582,0
14878,1
28953,0
11859,1
27841,0
11605,1
18814,0
31539,0
6992,1
24680,0
25696,0
6701,1
900,1
29481,0
1349,1
19852,0
23597,0
2633,1
6305,1
6048,1
4779,1
13898,1
9308,1
9132,1
27876,0
7864,1
1463,1
19508,0
27376,0
24969,0
16974,0
18645,0
8798,1
31082,0
29731,0
2839,1
7598,1
1065,1
21990,0
3103,1
6459,1
10608,1
31787,0
22355,0
20162,0
704,1
4916,1
14675,1
22223,0
14728,1
6973,1
19314,0
6293,1
25463,0
19393,0
31973,0
18884,0
3691,1
778,1
26089,0
29965,0
11514,1
21151,0
2612,1
13823,1
5447,1
12425,1
20292,0
28169,0
19646,0
2802,1
27516,0
23034,0
12022,1
4701,1
8924,1
7828,1
27014,0
26841,0
19774,0
1331,1
8071,1
9586,1
31279,0
47,1
23419,0
23202,0
15306,1
23888,0
1880,1
24380,0
21783,0
27762,0
19500,0
10476,1
7093,1
5382,1
29376,0
23620,0
28860,0
3998,1
14636,1
18818,0
16106,0
11125,1
2622,1
3885,1
31625,0
7922,1
16695,0
7652,1
12952,1
14572,1
15026,1
8855,1
26467,0
27030,0
4710,1
3729,1
15609,1
17969,0
8518,1
20465,0
29730,0
2296,1
7816,1
17614,0
25337,0
27750,0
2133,1
30570,0
667,1
5858,1
1343,1
21954,0
21209,0
23928,0
10791,1
13531,1
5058,1
111,1
22314,0
21469,0
4979,1
17874,0
27630,0
25185,0
22477,0
11554,1
20885,0
27901,0
20958,0
8072,1
28925,0
8488,1
15691,1
3781,1
5764,1
13729,1
21393,0
15205,1
1895,1
19323,0
1387,1
14326,1
21941,0
21041,0
12827,1
29360,0
16511,0
30353,0
18774,0
20875,0
10615,1
9571,1
31826,0
21324,0
6460,1
20212,0
18726,0
19422,0
28671,0
14075,1
9879,1
9184,1
29835,0
9318,1
21223,0
30345,0
25017,0
10966,1
15801,1
26825,0
30873,0
2277,1
16766,0
25617,0
17309,0
10343,1
1228,1
8490,1
5789,1
9616,1
27011,0
13544,1
26655,0
22207,0
16817,0
29952,0
15658,1
20820,0
27909,0
10590,1
17429,0
20748,0
3640,1
3950,1
26881,0
24470,0
28131,0
29501,0
11699,1
17674,0
5534,1
3585,1
28442,0
19175,0
18387,0
24003,0
13876,1
27141,0
13813,1
22273,0
16320,0
19465,0
29057,0
48,1
13497,1
23956,0
18231,0
7688,1
12674,1
24339,0
30053,0
3720,1
17133,0
26307,0
2033,1
20779,0
19924,0
3823,1
14349,1
28575,0
3132,1
11196,1
23088,0
19015,0
20407,0
572,1
18026,0
1848,1
658,1
22858,0
17322,0
29037,0
1822,1
10511,1
24064,0
11900,1
9619,1
5924,1
15327,1
27359,0
27227,0
24862,0
4426,1
12235,1
15863,1
12294,1
10405,1
14796,1
19320,0
1776,1
750,1
25122,0
31385,0
14118,1
22468,0
3350,1
9723,1
24032,0
4337,1
13212,1
23378,0
26287,0
31305,0
26767,0
9192,1
21882,0
14567,1
25246,0
11546,1
7375,1
17253,0
10926,1
15857,1
9290,1
20578,0
5603,1
756,1
31319,0
18210,0
31689,0
18466,0
10677,1
22349,0
2366,1
30081,0
15586,1
29015,0
6211,1
15629,1
12992,1
2278,1
15779,1
11767,1
2280,1
17704,0
2832,1
12315,1
8585,1
23975,0
17127,0
22331,0
20630,0
8960,1
17180,0
5708,1
10216,1
31801,0
7109,1
25019,0
1668,1
2910,1
31412,0
7248,1
30800,0
25986,0
28802,0
13751,1
31404,0
15745,1
1649,1
4681,1
21747,0
10156,1
8167,1
17353,0
31083,0
20094,0
5048,1
30173,0
20609,0
2135,1
5511,1
18061,0
4571,1
24422,0
14226,1
17313,0
12239,1
2341,1
31948,0
6898,1
23510,0
14592,1
22193,0
11262,1
31599,0
26316,0
25835,0
25742,0
13351,1
22290,0
22959,0
25293,0
17650,0
13552,1
13196,1
12976,1
25437,0
16458,0
3698,1
20222,0
27088,0
11078,1
31010,0
4119,1
1877,1
14879,1
71,1
8373,1
10579,1
31109,0
4302,1
30982,0
31209,0
20638,0
7416,1
28104,0
6436,1
12525,1
30286,0
24037,0
14015,1
19694,0
11199,1
21331,0
29274,0
29746,0
30269,0
14213,1
14595,1
10210,1
22018,0
30068,0
12647,1
26979,0
15810,1
5413,1
1885,1
21956,0
4357,1
23479,0
27531,0
29747,0
435,1
20208,0
20546,0
19270,0
31047,0
26434,0
18062,0
18562,0
26495,0
10475,1
27950,0
13875,1
4939,1
681,1
22922,0
16493,0
15056,1
21384,0
5882,1
4414,1
9944,1
8788,1
18119,0
8718,1
22405,0
15465,1
18958,0
8523,1
700,1
4061,1
21618,0
13856,1
10320,1
1884,1
17626,0
5211,1
1012,1
21207,0
22372,0
17156,0
16285,0
15748,1
11562,1
31139,0
24927,0
24440,0
10967,1
3316,1
19787,0
9554,1
27601,0
12236,1
30407,0
23145,0
24818,0
3686,1
3378,1
5714,1
2926,1
17894,0
29108,0
16991,0
25904,0
19749,0
19510,0
3941,1
466,1
5733,1
6621,1
11050,1
3288,1
26708,0
16240,0
1406,1
13661,1
19267,0
3751,1
2120,1
15145,1
25876,0
16294,0
18345,0
4983,1
1578,1
6967,1
29931,0
22025,0
27259,0
6814,1
16837,0
24546,0
29892,0
20998,0
10196,1
10984,1
25133,0
20751,0
25279,0
25478,0
15500,1
649,1
23285,0
30254,0
5303,1
4880,1
2516,1
17757,0
28527,0
1760,1
16859,0
6170,1
27708,0
15670,1
12453,1
9319,1
28051,0
11833,1
2442,1
19416,0
14964,1
16262,0
8268,1
8423,1
29635,0
2905,1
30765,0
2267,1
26429,0
5421,1
25457,0
6416,1
8432,1
11831,1
6873,1
14355,1
11207,1
6456,1
26200,0
11349,1
2177,1
18953,0
30692,0
6726,1
796,1
20725,0
19573,0
11600,1
8636,1
2082,1
7988,1
13951,1
24137,0
7871,1
17820,0
29717,0
14000,1
22260,0
16707,0
12690,1
24926,0
26748,0
27871,0
3533,1
21037,0
20190,0
26333,0
22009,0
4443,1
2658,1
1779,1
12905,1
16505,0
31031,0
5398,1
7664,1
7667,1
27594,0
6060,1
25593,0
30924,0
5799,1
19244,0
9774,1
8525,1
31703,0
4350,1
27840,0
1736,1
24990,0
30278,0
2580,1
18305,0
28194,0
16384,0
9763,1
10203,1
16269,0
12837,1
3269,1
5849,1
31450,0
2006,1
27915,0
10719,1
19859,0
8891,1
56,1
20130,0
26542,0
11860,1
26974,0
8899,1
14712,1
14119,1
23742,0
19040,0
26418,0
17065,0
18310,0
24299,0
9068,1
9496,1
13926,1
10417,1
15271,1
7186,1
15422,1
2060,1
21680,0
1710,1
25570,0
14736,1
8521,1
17483,0
13019,1
26771,0
8664,1
6321,1
21573,0
16848,0
772,1
31685,0
31354,0
27936,0
29363,0
7668,1
14011,1
29231,0
13495,1
26896,0
5934,1
18950,0
22261,0
1834,1
10982,1
31226,0
25937,0
21130,0
14398,1
26678,0
11739,1
14408,1
28488,0
5354,1
21186,0
7758,1
21302,0
8372,1
10840,1
22412,0
7520,1
20903,0
20811,0
17568,0
14506,1
15121,1
20271,0
30314,0
29743,0
13447,1
14206,1
27724,0
1358,1
28859,0
27796,0
15601,1
6743,1
30299,0
14594,1
12045,1
14263,1
31271,0
20896,0
24095,0
27824,0
17017,0
21016,0
15544,1
9777,1
27657,0
29012,0
24832,0
5824,1
23773,0
23383,0
14115,1
26131,0
4364,1
26408,0
2677,1
14458,1
3425,1
20019,0
19291,0
20418,0
4157,1
13486,1
2795,1
29779,0
1727,1
16596,0
24164,0
25552,0
9203,1
19233,0
9061,1
7706,1
11157,1
26842,0
10830,1
28718,0
14160,1
10159,1
17780,0
16244,0
27382,0
28601,0
17900,0
31647,0
19026,0
16961,0
25906,0
20017,0
2753,1
317,1
30786,0
1586,1
31772,0
4628,1
15339,1
21926,0
6167,1
10746,1
31678,0
27779,0
10998,1
31289,0
26339,0
31063,0
10766,1
17986,0
29090,0
3094,1
8247,1
12484,1
12483,1
26076,0
17279,0
2914,1
13565,1
21102,0
20694,0
29663,0
21806,0
28346,0
30477,0
10711,1
19075,0
30563,0
12126,1
22567,0
17254,0
7626,1
489,1
7373,1
972,1
2340,1
27248,0
31259,0
27974,0
19967,0
21828,0
6198,1
24131,0
2397,1
12962,1
14425,1
12049,1
6692,1
2392,1
10650,1
20472,0
21036,0
8760,1
22159,0
26179,0
8723,1
11232,1
3062,1
18845,0
12016,1
29273,0
11481,1
22950,0
18073,0
373,1
22119,0
28587,0
9539,1
24228,0
24783,0
721,1
31875,0
6815,1
20134,0
31812,0
8868,1
25387,0
26299,0
8844,1
689,1
3115,1
3490,1
16969,0
6251,1
19656,0
17981,0
15376,1
30212,0
1142,1
12234,1
14380,1
16547,0
31078,0
16553,0
7279,1
9894,1
20477,0
9781,1
17245,0
25894,0
25364,0
29691,0
30797,0
5418,1
703,1
7566,1
18933,0
29590,0
7767,1
4805,1
23738,0
17415,0
14832,1
20713,0
692,1
30804,0
18220,0
14034,1
819,1
12247,1
30719,0
18910,0
14442,1
10224,1
20989,0
386,1
15093,1
19901,0
24650,0
2682,1
23449,0
3012,1
25033,0
9574,1
20330,0
21551,0
8256,1
20178,0
9311,1
9121,1
30564,0
31676,0
25701,0
20404,0
20146,0
3986,1
14958,1
13374,1
8039,1
24938,0
996,1
13554,1
27987,0
16239,0
8101,1
945,1
22209,0
19622,0
17091,0
25831,0
9228,1
266,1
28479,0
3938,1
16832,0
29081,0
12661,1
26244,0
27311,0
13644,1
5254,1
23990,0
27956,0
20904,0
20824,0
6777,1
31455,0
19536,0
24982,0
30356,0
24469,0
13382,1
27878,0
26219,0
828,1
14332,1
25775,0
27045,0
1251,1
24080,0
19179,0
15747,1
15494,1
5679,1
6999,1
5216,1
1658,1
26727,0
1549,1
20649,0
10125,1
30667,0
7476,1
7736,1
8153,1
12460,1
18035,0
26096,0
15048,1
10544,1
18101,0
10654,1
14870,1
10662,1
1548,1
18825,0
11881,1
3819,1
26867,0
20388,0
7719,1
24502,0
22168,0
17624,0
26768,0
22606,0
30325,0
24975,0
7449,1
6065,1
18118,0
27986,0
377,1
7976,1
14733,1
23668,0
7472,1
15241,1
19366,0
20321,0
10308,1
9157,1
14022,1
20117,0
31129,0
21390,0
18353,0
4807,1
8016,1
17500,0
19597,0
30744,0
8340,1
1844,1
13777,1
24438,0
19727,0
16676,0
27740,0
22476,0
26820,0
9399,1
22549,0
28709,0
19220,0
25956,0
8062,1
11753,1
19359,0
14387,1
10878,1
28542,0
29040,0
6934,1
20984,0
6467,1
23971,0
5251,1
14446,1
5135,1
5986,1
16962,0
28182,0
10364,1
11725,1
14548,1
10328,1
25242,0
22404,0
11029,1
27306,0
406,1
19313,0
287,1
25352,0
19592,0
24235,0
9104,1
8321,1
9178,1
23342,0
27710,0
8712,1
8122,1
7129,1
20302,0
28820,0
16083,0
2640,1
13463,1
7863,1
31917,0
107,1
27931,0
9859,1
14145,1
6868,1
12391,1
26703,0
5645,1
15686,1
6163,1
26895,0
31643,0
11660,1
12511,1
27896,0
4289,1
28838,0
514,1
18090,0
13359,1
7623,1
19279,0
781,1
8689,1
29576,0
9122,1
19124,0
4508,1
1303,1
3499,1
26285,0
8473,1
9392,1
17330,0
27270,0
23824,0
10246,1
24883,0
17110,0
8261,1
23417,0
157,1
8591,1
13940,1
11321,1
9544,1
1359,1
23997,0
4645,1
18489,0
28161,0
25506,0
8319,1
24365,0
18553,0
16588,0
682,1
30874,0
2880,1
28215,0
14605,1
7374,1
3432,1
11363,1
12027,1
11662,1
30052,0
10658,1
26944,0
6442,1
3713,1
31120,0
13609,1
19102,0
11527,1
11206,1
27613,0
11511,1
25776,0
8,1
23352,0
1800,1
26648,0
23340,0
15829,1
30444,0
24804,0
7770,1
1537,1
30622,0
17182,0
18839,0
8139,1
13411,1
7500,1
17213,0
1297,1
30168,0
14930,1
21278,0
2543,1
9903,1
825,1
10690,1
2416,1
1878,1
14048,1
13001,1
22202,0
31163,0
2376,1
3314,1
6878,1
16249,0
19271,0
2503,1
23031,0
30754,0
11225,1
28787,0
28204,0
5583,1
18856,0
13170,1
3767,1
18870,0
28367,0
21961,0
14063,1
1904,1
10771,1
27108,0
23965,0
27475,0
21149,0
18735,0
31762,0
8692,1
10073,1
7407,1
10900,1
13062,1
5860,1
14647,1
27137,0
10855,1
25544,0
22603,0
4058,1
31686,0
11959,1
50,1
23301,0
11387,1
5324,1
3908,1
30957,0
5392,1
4187,1
19108,0
27038,0
14825,1
3255,1
31396,0
7540,1
2174,1
4634,1
27104,0
14341,1
8114,1
21840,0
28482,0
23813,0
9126,1
18903,0
24869,0
12545,1
18302,0
28245,0
25807,0
31750,0
5209,1
7235,1
17745,0
15051,1
18016,0
30824,0
5514,1
16155,0
8674,1
1753,1
15451,1
4603,1
30694,0
22414,0
27367,0
24816,0
17607,0
5072,1
2499,1
234,1
29549,0
10622,1
8995,1
15957,1
11874,1
30061,0
14220,1
330,1
28519,0
1232,1
29022,0
20625,0
29444,0
4471,1
6883,1
29705,0
1002,1
16702,0
6433,1
17896,0
30229,0
11138,1
4138,1
23048,0
16145,0
29357,0
29580,0
31507,0
31011,0
10620,1
5431,1
1317,1
23287,0
3239,1
12894,1
12828,1
18169,0
19226,0
376,1
19350,0
21160,0
29246,0
27063,0
9066,1
23663,0
30530,0
631,1
29467,0
3183,1
26395,0
23210,0
30442,0
17175,0
27272,0
5136,1
2841,1
23211,0
26925,0
27419,0
1572,1
27448,0
5875,1
4594,1
9451,1
242,1
16176,0
9241,1
414,1
9988,1
12257,1
2396,1
965,1
9860,1
31298,0
17104,0
11067,1
8027,1
28968,0
2162,1
11650,1
19902,0
9685,1
16890,0
30054,0
25476,0
24610,0
26998,0
27366,0
19151,0
21609,0
8287,1
1633,1
25296,0
17875,0
23432,0
27503,0
23662,0
14372,1
21072,0
22667,0
23523,0
26404,0
10448,1
612,1
10402,1
29198,0
27349,0
4406,1
16558,0
24656,0
24368,0
31677,0
2486,1
15590,1
31472,0
23157,0
24761,0
20009,0
23681,0
23591,0
13970,1
14619,1
5321,1
2127,1
694,1
29778,0
18112,0
23576,0
29863,0
8005,1
19401,0
6670,1
26422,0
13121,1
28084,0
15408,1
17062,0
27412,0
13263,1
9808,1
478,1
8522,1
21028,0
26033,0
31273,0
7898,1
10008,1
1019,1
27247,0
18239,0
8052,1
15075,1
9666,1
1694,1
6178,1
6095,1
10094,1
21904,0
28928,0
27138,0
26051,0
29977,0
30814,0
8144,1
12316,1
26428,0
27373,0
8065,1
25746,0
20138,0
30439,0
31775,0
18846,0
24898,0
29695,0
15053,1
25736,0
30471,0
24406,0
31998,0
11832,1
13939,1
6838,1
6660,1
90,1
26582,0
12804,1
26922,0
18843,0
27588,0
16275,0
7779,1
16013,0
2159,1
20422,0
21091,0
30868,0
12029,1
24553,0
8787,1
3488,1
27823,0
30194,0
15997,1
5274,1
24232,0
31111,0
8121,1
5289,1
19466,0
15061,1
10991,1
12942,1
10493,1
4393,1
5730,1
30335,0
11590,1
6804,1
1450,1
19058,0
11468,1
8553,1
21287,0
17209,0
18208,0
22316,0
10145,1
22498,0
30807,0
29353,0
8542,1
19344,0
30612,0
1059,1
28648,0
154,1
11963,1
18005,0
14912,1
17587,0
18147,0
16777,0
21142,0
3032,1
24844,0
21021,0
22382,0
19990,0
30536,0
26691,0
22190,0
26172,0
27720,0
19955,0
15466,1
5152,1
31972,0
18533,0
24487,0
21060,0
27308,0
990,1
3493,1
2751,1
20692,0
24617,0
5122,1
26410,0
10123,1
21148,0
30463,0
23228,0
31479,0
9232,1
24696,0
17461,0
20020,0
13328,1
4876,1
25120,0
26281,0
12097,1
13163,1
30234,0
30487,0
13997,1
12993,1
13299,1
27929,0
4962,1
19845,0
3119,1
25821,0
13987,1
1266,1
14197,1
30290,0
24735,0
18500,0
21542,0
21555,0
11692,1
25184,0
23369,0
15081,1
19126,0
13533,1
29545,0
1459,1
3219,1
8880,1
4274,1
6872,1
11118,1
14939,1
30120,0
23805,0
3962,1
15347,1
20531,0
2632,1
31693,0
17295,0
17414,0
13942,1
2525,1
6223,1
10359,1
9204,1
8633,1
6810,1
434,1
1352,1
7711,1
10015,1
22330,0
17301,0
5843,1
3641,1
5399,1
18257,0
30063,0
18236,0
11744,1
8717,1
18411,0
23445,0
25528,0
27089,0
7962,1
1702,1
27361,0
27972,0
4077,1
30707,0
28785,0
13855,1
26533,0
6673,1
3315,1
9008,1
3794,1
200,1
11258,1
31891,0
31116,0
19944,0
30440,0
1874,1
24828,0
13288,1
28230,0
28316,0
6203,1
13830,1
14682,1
20890,0
27445,0
30895,0
14229,1
22245,0
27786,0
28257,0
1728,1
6061,1
12030,1
10824,1
28154,0
11126,1
20025,0
18085,0
17385,0
8289,1
1606,1
9931,1
22686,0
21556,0
31233,0
30913,0
20839,0
917,1
29089,0
18871,0
22487,0
7917,1
6000,1
3972,1
8680,1
1524,1
9057,1
21664,0
14837,1
28797,0
12968,1
5683,1
18623,0
19074,0
14418,1
5663,1
13906,1
15009,1
20511,0
21447,0
12367,1
30623,0
6995,1
12480,1
21833,0
9736,1
23092,0
31374,0
13220,1
8797,1
18301,0
27943,0
16833,0
14537,1
27258,0
27743,0
9837,1
11108,1
24870,0
19981,0
8446,1
20861,0
31851,0
20091,0
24196,0
8050,1
18362,0
13238,1
25636,0
21872,0
20652,0
8433,1
3854,1
8324,1
13279,1
30974,0
1922,1
3039,1
1390,1
24798,0
15294,1
17189,0
1665,1
21934,0
9361,1
14037,1
12936,1
359,1
25797,0
30607,0
29838,0
1473,1
10301,1
31435,0
11264,1
29633,0
15363,1
13258,1
28287,0
16212,0
16618,0
15548,1
24994,0
24931,0
21289,0
10606,1
19181,0
8726,1
14195,1
16260,0
13195,1
27257,0
25511,0
10683,1
21208,0
29812,0
2820,1
18729,0
12517,1
21494,0
19265,0
20202,0
1982,1
12462,1
14438,1
21245,0
14651,1
8003,1
11350,1
7401,1
20385,0
17520,0
28126,0
26393,0
30819,0
10324,1
31364,0
8825,1
26564,0
22624,0
21230,0
25744,0
19123,0
11786,1
20049,0
17028,0
27086,0
5127,1
22292,0
12994,1
18619,0
24540,0
14672,1
8579,1
10684,1
24749,0
10220,1
16851,0
12826,1
27437,0
19014,0
11318,1
25766,0
7655,1
5035,1
3867,1
6027,1
27010,0
12547,1
4315,1
30815,0
858,1
27356,0
23689,0
8931,1
85,1
19558,0
22626,0
18299,0
7002,1
14657,1
1891,1
29502,0
15207,1
7499,1
22460,0
2114,1
31798,0
4375,1
13477,1
22847,0
26848,0
25849,0
5270,1
24664,0
15078,1
3109,1
11940,1
15140,1
29594,0
22841,0
755,1
29898,0
22983,0
28674,0
5819,1
12280,1
27961,0
20643,0
4189,1
11611,1
31565,0
7457,1
17103,0
31381,0
1323,1
4787,1
8281,1
5892,1
18503,0
6952,1
8221,1
15831,1
23304,0
25629,0
20962,0
17275,0
28174,0
3395,1
5377,1
13882,1
22697,0
5329,1
24277,0
15490,1
5653,1
3441,1
23137,0
12585,1
6653,1
7386,1
5213,1
7984,1
11726,1
7503,1
31749,0
7564,1
19192,0
8225,1
29661,0
24067,0
27474,0
872,1
18478,0
31622,0
6050,1
9602,1
15909,1
23900,0
2444,1
29848,0
14913,1
5317,1
3600,1
23023,0
9667,1
17249,0
20141,0
10473,1
24621,0
2662,1
10743,1
6507,1
1085,1
20229,0
20749,0
16336,0
29813,0
27999,0
11211,1
1869,1
5779,1
23114,0
16143,0
30191,0
4727,1
4332,1
7215,1
17643,0
16729,0
6290,1
18521,0
8703,1
28894,0
10262,1
2629,1
18188,0
31503,0
22832,0
9142,1
26600,0
19965,0
21696,0
19590,0
7044,1
7965,1
13539,1
23646,0
13933,1
2409,1
6990,1
14362,1
5530,1
6004,1
6449,1
9950,1
24557,0
15274,1
31648,0
5277,1
25292,0
20626,0
30670,0
10283,1
30549,0
4441,1
18065,0
18988,0
17048,0
16492,0
5929,1
15175,1
7244,1
4902,1
11396,1
21030,0
28324,0
8685,1
6709,1
26524,0
1461,1
15967,1
14842,1
19347,0
16849,0
16146,0
2951,1
8276,1
27794,0
13454,1
4156,1
28736,0
28352,0
26193,0
29337,0
20489,0
6021,1
25062,0
1938,1
10552,1
989,1
25758,0
28994,0
10669,1
14360,1
9862,1
31175,0
7174,1
12754,1
27471,0
19087,0
22830,0
6214,1
24720,0
17007,0
28727,0
22516,0
1360,1
8417,1
8628,1
11467,1
28179,0
21843,0
5834,1
7725,1
14182,1
8397,1
22420,0
19688,0
27307,0
21870,0
20634,0
27621,0
21370,0
17495,0
13805,1
26425,0
21158,0
21978,0
473,1
11544,1
20132,0
31753,0
7125,1
11027,1
5552,1
26152,0
1135,1
10347,1
23499,0
9975,1
6008,1
20023,0
22546,0
18342,0
17480,0
15840,1
26770,0
4512,1
27188,0
10585,1
26591,0
29567,0
2781,1
24946,0
14156,1
12551,1
28055,0
4299,1
18987,0
19705,0
27220,0
12914,1
27977,0
25659,0
12729,1
4675,1
24439,0
4449,1
13636,1
13912,1
24774,0
4677,1
2494,1
14517,1
16708,0
10980,1
4120,1
13591,1
9850,1
20365,0
18134,0
9434,1
11657,1
275,1
21381,0
28413,0
30045,0
13594,1
26781,0
13130,1
30046,0
11567,1
28026,0
5206,1
17937,0
26780,0
9060,1
6419,1
26169,0
9396,1
14459,1
587,1
14927,1
11294,1
20295,0
17625,0
16967,0
2095,1
31696,0
16712,0
14427,1
17593,0
184,1
8010,1
24315,0
22319,0
12011,1
8387,1
2738,1
9969,1
26375,0
20907,0
22769,0
29531,0
11221,1
6361,1
18219,0
17469,0
10034,1
31828,0
22358,0
25207,0
3359,1
10537,1
15062,1
11013,1
30312,0
20326,0
31115,0
5992,1
22996,0
3937,1
9934,1
15286,1
6983,1
20532,0
10303,1
31159,0
27586,0
28655,0
29042,0
2078,1
4624,1
24194,0
9649,1
6879,1
1967,1
22051,0
6704,1
18455,0
6055,1
25902,0
31498,0
14890,1
20460,0
14802,1
14856,1
24114,0
18751,0
16,1
25624,0
12378,1
16043,0
11026,1
29668,0
13839,1
17916,0
4029,1
28507,0
410,1
29384,0
15191,1
5712,1
23444,0
10965,1
26323,0
24327,0
13730,1
23744,0
24449,0
7223,1
13232,1
3481,1
20398,0
1364,1
28032,0
16474,0
15638,1
2475,1
5695,1
22141,0
12805,1
13102,1
9263,1
27478,0
2145,1
14749,1
20391,0
30460,0
17772,0
3731,1
12133,1
25338,0
14089,1
5267,1
29858,0
22520,0
30840,0
4212,1
17142,0
822,1
30366,0
22118,0
15290,1
2705,1
23659,0
19507,0
20581,0
26738,0
29551,0
27572,0
28394,0
20112,0
16614,0
19035,0
7580,1
25951,0
28178,0
19041,0
21407,0
12167,1
16104,0
17228,0
26010,0
9823,1
10923,1
28843,0
9248,1
30961,0
3355,1
12951,1
8285,1
11355,1
14101,1
25417,0
8956,1
11974,1
1595,1
26503,0
29169,0
25261,0
17917,0
4830,1
14612,1
20651,0
7531,1
4765,1
14941,1
30264,0
24903,0
20894,0
14286,1
23141,0
17891,0
25464,0
262,1
15168,1
2094,1
249,1
8828,1
387,1
18565,0
14633,1
18863,0
5012,1
156,1
27917,0
31912,0
22597,0
8535,1
5564,1
12344,1
29608,0
28911,0
22564,0
30419,0
7046,1
17907,0
8945,1
1177,1
6472,1
29681,0
27281,0
17462,0
2315,1
15089,1
21712,0
17446,0
19528,0
7752,1
15258,1
14099,1
2981,1
18453,0
31501,0
15931,1
14420,1
16309,0
30954,0
4745,1
18781,0
21013,0
23181,0
21936,0
26454,0
9079,1
26074,0
8076,1
10681,1
3286,1
10794,1
24846,0
18867,0
26593,0
14136,1
25541,0
21819,0
21791,0
2219,1
23684,0
16034,0
26702,0
24522,0
24629,0
1752,1
14359,1
19411,0
463,1
1286,1
10753,1
1950,1
5110,1
15464,1
9325,1
23231,0
14203,1
15219,1
13841,1
15613,1
10197,1
7672,1
25121,0
11568,1
14757,1
27888,0
9237,1
14150,1
10238,1
29983,0
10786,1
690,1
21527,0
6431,1
15260,1
22136,0
13806,1
666,1
1430,1
6841,1
29336,0
18224,0
25487,0
23960,0
678,1
31424,0
27262,0
13080,1
15640,1
25400,0
6861,1
30559,0
16152,0
11534,1
5912,1
29958,0
2821,1
28557,0
12567,1
1224,1
1022,1
19385,0
2374,1
20553,0
9604,1
15920,1
15448,1
2874,1
24613,0
30603,0
11057,1
11384,1
6955,1
27820,0
5280,1
29870,0
29379,0
29419,0
14371,1
26255,0
30421,0
31920,0
14439,1
27482,0
27694,0
13391,1
15654,1
5608,1
11185,1
9999,1
2421,1
17132,0
14175,1
12057,1
1983,1
18167,0
22741,0
17761,0
17311,0
2295,1
10560,1
14671,1
26590,0
27115,0
146,1
18007,0
705,1
19723,0
15036,1
22010,0
1090,1
5562,1
28282,0
3607,1
31669,0
15265,1
27441,0
16225,0
18222,0
23320,0
23506,0
12843,1
5051,1
3581,1
28281,0
14929,1
19503,0
22533,0
22971,0
455,1
4326,1
1332,1
28679,0
11360,1
8701,1
16057,0
4973,1
15614,1
11383,1
19991,0
13934,1
6532,1
3956,1
24128,0
13092,1
20346,0
5485,1
3572,1
20337,0
17304,0
8437,1
21117,0
31572,0
13668,1
18235,0
23428,0
9025,1
8283,1
22417,0
21443,0
1216,1
13392,1
28221,0
24826,0
19806,0
299,1
9706,1
12897,1
27758,0
13741,1
1165,1
11315,1
5400,1
27683,0
31844,0
11736,1
2715,1
18894,0
19113,0
8870,1
12741,1
26012,0
5904,1
27403,0
19062,0
6556,1
15736,1
1155,1
25662,0
8316,1
17434,0
27697,0
18508,0
16129,0
10318,1
16720,0
8382,1
23877,0
26589,0
3833,1
134,1
24012,0
7690,1
5428,1
7491,1
12527,1
28836,0
21042,0
8410,1
15926,1
14775,1
8118,1
28240,0
25574,0
10007,1
11713,1
7105,1
3276,1
17885,0
28982,0
2970,1
20133,0
31446,0
18629,0
13676,1
4946,1
24636,0
7593,1
23300,0
31627,0
19104,0
13453,1
2250,1
21894,0
5692,1
27886,0
26539,0
23459,0
21491,0
7884,1
27186,0
27316,0
30276,0
7332,1
18296,0
10633,1
16223,0
3256,1
20336,0
11842,1
22282,0
843,1
30849,0
1260,1
20022,0
13581,1
11998,1
17027,0
11119,1
383,1
14482,1
12162,1
9108,1
21826,0
6991,1
2650,1
349,1
5079,1
26661,0
7799,1
958,1
30904,0
24218,0
16258,0
11292,1
9690,1
9986,1
9977,1
21252,0
19061,0
12867,1
15862,1
7889,1
13787,1
7968,1
19997,0
15582,1
23001,0
17036,0
18571,0
4520,1
2297,1
12807,1
4006,1
14521,1
11899,1
20064,0
9643,1
3542,1
31916,0
7495,1
15069,1
13840,1
15414,1
12001,1
5524,1
21291,0
28721,0
4536,1
20239,0
4467,1
17050,0
21000,0
31145,0
22507,0
7396,1
21570,0
24512,0
1494,1
17718,0
9363,1
9003,1
28227,0
27539,0
13726,1
31327,0
26534,0
22913,0
11905,1
4505,1
21839,0
13549,1
31543,0
737,1
31,1
12440,1
26587,0
9863,1
12246,1
22056,0
24748,0
26818,0
25306,0
18941,0
16903,0
10053,1
15369,1
18028,0
20414,0
22164,0
155,1
7258,1
133,1
5473,1
2361,1
14100,1
8926,1
30098,0
1948,1
1174,1
29066,0
4118,1
4264,1
2696,1
4048,1
4890,1
18431,0
7019,1
28862,0
4912,1
22310,0
21127,0
31320,0
22995,0
7160,1
10945,1
11198,1
29881,0
23916,0
26864,0
20949,0
12974,1
7212,1
31334,0
26093,0
10153,1
208,1
1296,1
22867,0
25129,0
1276,1
1871,1
25684,0
27179,0
2641,1
27753,0
1233,1
9283,1
13172,1
7438,1
19439,0
5130,1
3875,1
25401,0
10759,1
17903,0
25543,0
30013,0
11966,1
27608,0
636,1
15883,1
24198,0
8771,1
29303,0
26345,0
20286,0
11389,1
11661,1
26553,0
7444,1
16568,0
20866,0
25,1
21561,0
26515,0
4560,1
14563,1
13769,1
13111,1
10435,1
20838,0
20935,0
10625,1
3360,1
3987,1
3194,1
16808,0
5146,1
3577,1
6916,1
25157,0
26496,0
21391,0
15456,1
697,1
31954,0
2131,1
29085,0
3673,1
28654,0
23833,0
18102,0
4404,1
7804,1
2844,1
6625,1
20853,0
14857,1
10116,1
24598,0
7144,1
9029,1
24728,0
9646,1
22946,0
11165,1
22510,0
20537,0
5567,1
18479,0
7525,1
20696,0
23313,0
21435,0
12120,1
21524,0
25939,0
8354,1
17445,0
8830,1
22422,0
732,1
1110,1
22765,0
4009,1
2457,1
19194,0
26852,0
18637,0
16023,0
30567,0
15495,1
30034,0
21457,0
12594,1
8113,1
4249,1
23545,0
2929,1
24829,0
10237,1
8022,1
3247,1
20267,0
19809,0
22984,0
20605,0
7327,1
10331,1
26140,0
15394,1
12357,1
12546,1
20627,0
29856,0
7989,1
27626,0
6616,1
24058,0
8850,1
3786,1
22917,0
27002,0
14307,1
20194,0
8350,1
27433,0
16107,0
16827,0
22423,0
10271,1
15094,1
20392,0
991,1
29358,0
15445,1
17590,0
26184,0
284,1
27979,0
7151,1
26861,0
5548,1
12106,1
26876,0
5605,1
3196,1
7553,1
12135,1
4756,1
5701,1
16167,0
11277,1
14959,1
25949,0
10851,1
30896,0
22403,0
12880,1
13824,1
23763,0
31789,0
16197,0
23196,0
28517,0
1079,1
16818,0
23473,0
22053,0
11757,1
18191,0
6189,1
5224,1
28866,0
1565,1
22312,0
9826,1
6354,1
14133,1
19081,0
13290,1
31142,0
10820,1
22517,0
24451,0
19018,0
24060,0
19436,0
23101,0
8180,1
22865,0
25198,0
5769,1
7557,1
13695,1
28841,0
3071,1
4986,1
10340,1
3798,1
25099,0
8302,1
27612,0
17581,0
29471,0
24221,0
26942,0
14737,1
17566,0
9867,1
21087,0
14281,1
3808,1
24952,0
12566,1
25305,0
7156,1
31460,0
12794,1
12041,1
21297,0
20254,0
8491,1
4059,1
8093,1
30351,0
15497,1
6098,1
16698,0
14988,1
26312,0
9562,1
1016,1
24811,0
24447,0
9221,1
23058,0
1470,1
29585,0
1611,1
31023,0
17196,0
28469,0
17591,0
10215,1
31057,0
27150,0
23660,0
12638,1
1400,1
8874,1
21986,0
15034,1
15667,1
126,1
15934,1
6730,1
1902,1
3827,1
31448,0
13415,1
12362,1
1701,1
2627,1
17673,0
25557,0
24075,0
10627,1
3210,1
3480,1
12737,1
6103,1
31519,0
22394,0
28670,0
24407,0
8262,1
14829,1
31447,0
29193,0
5306,1
11092,1
25748,0
6328,1
5632,1
6537,1
30851,0
657,1
7685,1
28516,0
642,1
108,1
24560,0
8639,1
7189,1
26260,0
30074,0
3406,1
7772,1
6392,1
1226,1
31065,0
12407,1
4330,1
9190,1
19797,0
20209,0
8587,1
4820,1
21767,0
28504,0
15211,1
19082,0
19390,0
6101,1
10573,1
30491,0
18659,0
29763,0
29391,0
30969,0
17701,0
1491,1
12434,1
2148,1
6765,1
3279,1
18078,0
6549,1
12199,1
9005,1
672,1
31918,0
20033,0
7417,1
9695,1
9271,1
29245,0
9278,1
22359,0
22952,0
22311,0
9917,1
26823,0
29152,0
3643,1
7515,1
6613,1
1733,1
8014,1
14205,1
13386,1
14826,1
27065,0
6154,1
2040,1
16924,0
4076,1
28308,0
3608,1
10057,1
10351,1
20387,0
25054,0
25022,0
23628,0
339,1
16864,0
5629,1
31189,0
4207,1
25265,0
7729,1
22007,0
568,1
8840,1
23225,0
9124,1
17908,0
12266,1
13228,1
8759,1
4929,1
2894,1
8858,1
31587,0
24626,0
7993,1
22817,0
621,1
12360,1
3142,1
7468,1
255,1
20986,0
10327,1
9345,1
31491,0
16583,0
16366,0
18203,0
31117,0
22930,0
16443,0
21790,0
736,1
7892,1
20763,0
374,1
24691,0
2644,1
3603,1
29533,0
27072,0
22914,0
7143,1
12811,1
28386,0
20704,0
2579,1
22048,0
6270,1
27195,0
24283,0
4808,1
21795,0
14807,1
15303,1
21684,0
31774,0
13500,1
29999,0
21043,0
22373,0
27166,0
10605,1
8538,1
17355,0
16949,0
26519,0
18080,0
30919,0
31636,0
8138,1
3411,1
3793,1
14694,1
25664,0
10101,1
29416,0
31585,0
16544,0
26455,0
25911,0
12515,1
1894,1
24873,0
30144,0
18361,0
22663,0
18245,0
15467,1
12715,1
13971,1
30547,0
2896,1
8987,1
16496,0
12871,1
22192,0
29706,0
30465,0
9684,1
16576,0
9052,1
25993,0
14290,1
23215,0
18873,0
31098,0
19843,0
19059,0
23845,0
16097,0
23427,0
11457,1
1146,1
31146,0
1521,1
14367,1
17533,0
10932,1
8727,1
6860,1
17087,0
2360,1
15598,1
23606,0
15192,1
11227,1
5561,1
6965,1
12336,1
24547,0
17812,0
4847,1
27543,0
10272,1
14997,1
30488,0
26465,0
18256,0
9411,1
24071,0
30589,0
1600,1
18502,0
24148,0
15798,1
11083,1
5600,1
24762,0
5765,1
16772,0
5044,1
17842,0
9305,1
1686,1
75,1
3226,1
26464,0
31614,0
28468,0
30378,0
11654,1
29605,0
20351,0
15679,1
2288,1
8298,1
25399,0
2414,1
2743,1
5334,1
29170,0
2769,1
570,1
8380,1
14808,1
17576,0
396,1
9440,1
20088,0
10205,1
20766,0
9847,1
16613,0
4709,1
7225,1
3303,1
14211,1
30990,0
20635,0
14295,1
1544,1
20883,0
17343,0
7020,1
31562,0
12596,1
10660,1
20060,0
7941,1
6092,1
23750,0
4994,1
21134,0
12958,1
9883,1
25039,0
2165,1
10601,1
23875,0
18978,0
6447,1
15508,1
21386,0
1187,1
11280,1
29305,0
29593,0
25953,0
15523,1
28960,0
13763,1
20073,0
6400,1
30023,0
6306,1
20405,0
11014,1
16171,0
31074,0
17902,0
17711,0
25327,0
21931,0
4475,1
9480,1
29650,0
17754,0
9093,1
20815,0
19970,0
9811,1
8992,1
25028,0
22367,0
24867,0
2224,1
1088,1
22846,0
27590,0
26909,0
2718,1
3013,1
17714,0
2766,1
30647,0
2468,1
6919,1
26483,0
11848,1
14986,1
11602,1
8813,1
28804,0
28853,0
18999,0
18715,0
31118,0
31608,0
9216,1
818,1
19412,0
29982,0
20429,0
30543,0
5690,1
6116,1
28391,0
22542,0
11146,1
25373,0
16667,0
4272,1
220,1
5499,1
12147,1
24462,0
29165,0
23334,0
21147,0
30393,0
7612,1
5325,1
8810,1
3902,1
6297,1
28941,0
3369,1
26808,0
20679,0
25386,0
4618,1
10515,1
19667,0
22524,0
13759,1
3784,1
21205,0
23789,0
30140,0
11720,1
26657,0
16140,0
25482,0
5896,1
16091,0
12933,1
31221,0
31915,0
12334,1
1889,1
30999,0
12649,1
12130,1
11995,1
13099,1
12033,1
24434,0
23922,0
5723,1
19556,0
30210,0
4609,1
28353,0
12372,1
22903,0
12051,1
23303,0
19057,0
9888,1
18599,0
2241,1
10850,1
7943,1
21912,0
10427,1
23305,0
6370,1
15571,1
26113,0
19695,0
9441,1
24341,0
26156,0
11721,1
23980,0
27853,0
11283,1
15720,1
3037,1
8250,1
13444,1
12996,1
31784,0
17993,0
21484,0
407,1
30078,0
21214,0
25841,0
30956,0
30221,0
1125,1
10250,1
25166,0
18004,0
20225,0
29249,0
21657,0
24366,0
19802,0
8644,1
7400,1
15248,1
7501,1
7735,1
8713,1
23178,0
27701,0
13952,1
19481,0
3090,1
9782,1
27711,0
7963,1
15127,1
15702,1
14980,1
26325,0
15962,1
31363,0
28882,0
14960,1
18631,0
4900,1
25230,0
19394,0
2398,1
4484,1
26397,0
1879,1
26246,0
15713,1
9661,1
23205,0
26382,0
9848,1
13893,1
3318,1
15021,1
29311,0
16183,0
8103,1
10155,1
6870,1
27609,0
3521,1
23216,0
6391,1
31906,0
15123,1
9482,1
3035,1
9461,1
635,1
29417,0
12158,1
794,1
7028,1
3757,1
7981,1
3931,1
29514,0
17712,0
17920,0
18667,0
6380,1
12630,1
1641,1
18356,0
726,1
14082,1
3202,1
6697,1
4001,1
18068,0
12705,1
15195,1
28145,0
2000,1
3852,1
18641,0
4926,1
20496,0
5659,1
14287,1
2007,1
8724,1
20078,0
30370,0
19419,0
13960,1
17468,0
19453,0
29664,0
4683,1
25027,0
14428,1
346,1
16995,0
14076,1
29164,0
27935,0
27119,0
6851,1
30253,0
22879,0
17378,0
2293,1
11310,1
22407,0
11704,1
21392,0
2316,1
3636,1
8881,1
7282,1
24073,0
26107,0
6490,1
26734,0
29816,0
10322,1
6023,1
130,1
26535,0
19724,0
11619,1
9677,1
7106,1
22559,0
12919,1
3443,1
22232,0
25194,0
19160,0
17268,0
18163,0
15546,1
29257,0
21714,0
15472,1
4901,1
27776,0
14690,1
25673,0
18678,0
24542,0
31039,0
21740,0
28244,0
15239,1
1482,1
8730,1
19551,0
22658,0
26779,0
22426,0
918,1
6943,1
22350,0
15923,1
24431,0
24709,0
30381,0
24124,0
31796,0
11633,1
14963,1
15885,1
17290,0
20255,0
22134,0
25719,0
25640,0
4240,1
22360,0
2889,1
17950,0
5999,1
18621,0
16587,0
16237,0
2735,1
15634,1
1818,1
30920,0
21899,0
2916,1
23810,0
12088,1
3724,1
27105,0
22956,0
6053,1
4583,1
26735,0
29490,0
19707,0
10204,1
4798,1
7880,1
11640,1
4288,1
9869,1
23729,0
14379,1
24769,0
10509,1
27893,0
1240,1
25370,0
16528,0
18155,0
31461,0
11866,1
14090,1
19606,0
27844,0
15569,1
13572,1
26709,0
29764,0
28810,0
20075,0
355,1
23080,0
16095,0
19169,0
18088,0
22578,0
13662,1
26128,0
20555,0
21387,0
15826,1
14504,1
9134,1
11522,1
5266,1
2331,1
8061,1
23940,0
471,1
1486,1
27742,0
13109,1
18491,0
18935,0
13749,1
26210,0
3897,1
935,1
7859,1
1862,1
21507,0
3446,1
19603,0
26294,0
21279,0
12712,1
22156,0
6477,1
31711,0
21620,0
10137,1
19001,0
2104,1
29938,0
20799,0
20242,0
17288,0
5519,1
25355,0
5097,1
20131,0
10754,1
11749,1
4586,1
6481,1
15659,1
21293,0
11106,1
28201,0
26943,0
24120,0
23944,0
12783,1
12127,1
15902,1
11182,1
16406,0
24813,0
18844,0
8271,1
13780,1
28564,0
23691,0
13308,1
20378,0
16923,0
14880,1
26584,0
1103,1
12417,1
27649,0
18984,0
30772,0
29584,0
1942,1
26556,0
9814,1
13701,1
17601,0
2073,1
25423,0
13123,1
10942,1
31207,0
18186,0
6827,1
6521,1
30392,0
27981,0
26817,0
23249,0
28777,0
9563,1
22827,0
3060,1
17577,0
51,1
26443,0
4720,1
1382,1
6,1
26724,0
17225,0
8426,1
6921,1
30414,0
18598,0
15038,1
22899,0
1067,1
6731,1
11715,1
17819,0
23700,0
6327,1
8501,1
28829,0
20854,0
14936,1
13599,1
19205,0
28222,0
16419,0
12960,1
29544,0
2935,1
29942,0
21688,0
5416,1
19505,0
22201,0
25240,0
5255,1
22132,0
31485,0
13322,1
13377,1
27058,0
9725,1
16072,0
13713,1
23942,0
3946,1
8229,1
28916,0
31706,0
21967,0
14284,1
21157,0
7705,1
25918,0
16459,0
132,1
3811,1
13562,1
6283,1
9193,1
841,1
10336,1
9422,1
30608,0
7972,1
4657,1
27110,0
28876,0
10938,1
8873,1
11555,1
1050,1
10,1
19176,0
19887,0
20264,0
749,1
22910,0
10411,1
6813,1
30636,0
12669,1
30995,0
16478,0
9912,1
19653,0
6648,1
11841,1
4995,1
6381,1
24767,0
7583,1
6890,1
26879,0
30309,0
30777,0
14269,1
29530,0
20113,0
19861,0
26576,0
16156,0
1911,1
4897,1
27540,0
12279,1
4424,1
17978,0
16326,0
29808,0
573,1
27863,0
26072,0
4024,1
11326,1
3227,1
6246,1
26388,0
28162,0
25999,0
16412,0
13628,1
13087,1
9197,1
5537,1
28528,0
25107,0
29086,0
18808,0
114,1
29913,0
16533,0
13982,1
23634,0
11903,1
31153,0
6535,1
24458,0
28354,0
7177,1
15673,1
23571,0
14381,1
15037,1
26424,0
29526,0
24809,0
13950,1
12477,1
9262,1
15071,1
2638,1
484,1
13490,1
6096,1
29851,0
25112,0
12358,1
29800,0
31027,0
26171,0
9744,1
3412,1
4243,1
9672,1
29149,0
4004,1
3624,1
16246,0
18326,0
7081,1
4770,1
22012,0
31591,0
22789,0
9625,1
11741,1
20426,0
3949,1
6097,1
2943,1
21496,0
9340,1
17567,0
2032,1
14743,1
18853,0
10700,1
28122,0
3778,1
22927,0
29676,0
27249,0
17360,0
27749,0
21187,0
20795,0
11625,1
21706,0
25275,0
13466,1
27429,0
8879,1
23204,0
30950,0
2745,1
10863,1
5925,1
9678,1
8537,1
7625,1
30646,0
21960,0
10080,1
20232,0
4573,1
8023,1
16797,0
17267,0
746,1
6959,1
30867,0
24301,0
17864,0
789,1
8146,1
15529,1
8220,1
4818,1
17945,0
15279,1
525,1
5623,1
136,1
64,1
5521,1
22944,0
15325,1
31755,0
30688,0
11228,1
21347,0
18067,0
23399,0
18682,0
7379,1
9978,1
22125,0
9072,1
13282,1
10693,1
30934,0
19736,0
25997,0
23353,0
23084,0
16590,0
22122,0
13371,1
8401,1
15823,1
21273,0
29322,0
16338,0
11448,1
6583,1
20006,0
11305,1
22691,0
6902,1
3085,1
1092,1
24660,0
15711,1
5475,1
22973,0
17831,0
22370,0
6597,1
7682,1
9857,1
9223,1
15436,1
9923,1
5449,1
14663,1
27033,0
3347,1
3405,1
29759,0
24668,0
29616,0
1720,1
25193,0
11840,1
3982,1
24087,0
9215,1
5491,1
17580,0
23820,0
30826,0
14795,1
1339,1
15644,1
28017,0
5086,1
23706,0
12252,1
13199,1
19202,0
16628,0
16133,0
28899,0
25929,0
12694,1
14835,1
27042,0
21404,0
28446,0
27121,0
20355,0
25091,0
29973,0
26927,0
11603,1
13443,1
14648,1
14673,1
18394,0
28511,0
6329,1
5749,1
20663,0
24842,0
29884,0
11777,1
22836,0
2895,1
18070,0
1501,1
8284,1
13534,1
6782,1
1946,1
15052,1
11113,1
13166,1
20107,0
1350,1
22091,0
29930,0
15450,1
12042,1
29374,0
12651,1
25245,0
24645,0
6781,1
9605,1
22710,0
22924,0
15740,1
14435,1
3989,1
27481,0
15738,1
23385,0
5302,1
25630,0
24991,0
5979,1
21234,0
8839,1
31896,0
31882,0
4747,1
29492,0
20357,0
12212,1
181,1
17237,0
2425,1
24256,0
8245,1
21847,0
1840,1
28144,0
26013,0
3632,1
6843,1
448,1
2949,1
23602,0
1916,1
27989,0
21150,0
26401,0
30916,0
14792,1
21841,0
3095,1
3800,1
2264,1
12553,1
14579,1
14161,1
22014,0
660,1
25273,0
18024,0
12825,1
26765,0
29234,0
24481,0
9949,1
6411,1
7013,1
2021,1
993,1
19775,0
17019,0
6041,1
21262,0
356,1
24576,0
27535,0
23525,0
24455,0
1377,1
21361,0
18780,0
23055,0
7159,1
3835,1
18221,0
29971,0
17748,0
23572,0
6364,1
135,1
20880,0
10087,1
3186,1
30905,0
452,1
9976,1
25147,0
14322,1
24659,0
26635,0
6206,1
17528,0
7563,1
17165,0
3093,1
14533,1
1518,1
17204,0
15565,1
2813,1
18970,0
22304,0
29393,0
7254,1
26017,0
1116,1
24705,0
17404,0
1207,1
16102,0
15236,1
4328,1
13034,1
15397,1
20759,0
20540,0
31242,0
17522,0
26047,0
9840,1
20718,0
20118,0
26599,0
23133,0
5504,1
28745,0
10939,1
6844,1
13614,1
14017,1
11223,1
11729,1
20453,0
247,1
3796,1
9094,1
9775,1
13022,1
5348,1
31497,0
19084,0
2052,1
30083,0
5021,1
27864,0
18248,0
20406,0
28025,0
23005,0
19424,0
22087,0
24710,0
16694,0
149,1
28421,0
26040,0
7929,1
2472,1
19624,0
5582,1
26079,0
5290,1
9761,1
25832,0
30535,0
18892,0
2125,1
20860,0
8026,1
29053,0
481,1
12984,1
8903,1
25877,0
15406,1
27890,0
483,1
6524,1
1225,1
28198,0
11473,1
14741,1
984,1
7380,1
3887,1
6755,1
11999,1
15372,1
19936,0
24651,0
29651,0
17491,0
26594,0
468,1
11364,1
25903,0
28046,0
101,1
5734,1
11834,1
1431,1
5358,1
25080,0
15404,1
3688,1
4678,1
30834,0
5307,1
16011,0
25269,0
26126,0
27882,0
16615,0
9337,1
995,1
30945,0
22813,0
25730,0
8554,1
21805,0
6591,1
15380,1
6515,1
24528,0
12281,1
19338,0
7257,1
18091,0
22934,0
9253,1
21471,0
26187,0
16917,0
13448,1
20390,0
29698,0
16754,0
21641,0
25653,0
2616,1
14242,1
19142,0
1298,1
14727,1
9162,1
22127,0
8640,1
31322,0
8216,1
18813,0
6057,1
26440,0
30452,0
12935,1
15097,1
16724,0
13884,1
30193,0
5150,1
14010,1
17988,0
28402,0
26349,0
19005,0
29160,0
9264,1
10763,1
6191,1
5523,1
31362,0
10239,1
3345,1
24145,0
27229,0
18467,0
16770,0
17379,0
7305,1
8035,1
1663,1
16181,0
2175,1
7311,1
23563,0
21345,0
22921,0
25493,0
2003,1
27426,0
12699,1
29806,0
7280,1
6192,1
7601,1
19937,0
11141,1
1121,1
17391,0
7789,1
21859,0
1695,1
12396,1
27340,0
28582,0
17652,0
22256,0
13731,1
27237,0
10735,1
18558,0
16941,0
526,1
23076,0
17839,0
13818,1
15253,1
6826,1
6662,1
13472,1
21258,0
19195,0
24566,0
5057,1
20013,0
5286,1
26732,0
17348,0
1403,1
26065,0
24986,0
24307,0
21898,0
18460,0
26182,0
14105,1
7724,1
2577,1
20607,0
19307,0
23969,0
22596,0
25655,0
30001,0
4568,1
27244,0
28199,0
19207,0
28291,0
15259,1
29686,0
11586,1
3144,1
17849,0
12682,1
4123,1
10182,1
28294,0
3374,1
28467,0
8248,1
29513,0
5729,1
11580,1
8962,1
3272,1
26846,0
2647,1
30733,0
871,1
2960,1
29943,0
17683,0
9694,1
17118,0
10082,1
4340,1
9446,1
8254,1
25588,0
19874,0
16865,0
27377,0
6337,1
2081,1
14291,1
27645,0
30060,0
838,1
20909,0
30720,0
547,1
26191,0
25750,0
2204,1
12101,1
26605,0
8625,1
5576,1
6776,1
9056,1
25517,0
2242,1
3426,1
4499,1
2064,1
5393,1
1405,1
21844,0
26973,0
7324,1
5188,1
18644,0
31672,0
7059,1
10529,1
30285,0
378,1
1777,1
30256,0
24079,0
20471,0
24525,0
29124,0
21378,0
11377,1
2687,1
22692,0
7164,1
2176,1
25272,0
11229,1
18625,0
17776,0
26176,0
17338,0
22768,0
27578,0
7130,1
17075,0
5642,1
30245,0
20575,0
6371,1
5139,1
9429,1
10638,1
11910,1
21835,0
19913,0
6420,1
31070,0
19427,0
11000,1
29025,0
21759,0
9236,1
2512,1
6988,1
3984,1
7010,1
23089,0
21733,0
28553,0
4369,1
23708,0
8391,1
714,1
8060,1
12131,1
12519,1
28285,0
2304,1
22188,0
3177,1
10296,1
3598,1
21161,0
5054,1
4208,1
6964,1
30111,0
8444,1
21613,0
13068,1
9583,1
3140,1
13832,1
26034,0
24670,0
12640,1
15960,1
31857,0
25784,0
12911,1
14616,1
17517,0
28393,0
28875,0
20463,0
24677,0
11836,1
19539,0
22695,0
5742,1
7492,1
7541,1
19794,0
1868,1
1295,1
20381,0
2257,1
15904,1
6774,1
13995,1
14454,1
28005,0
7631,1
11928,1
12382,1
30,1
22981,0
11032,1
28694,0
31510,0
22878,0
7888,1
21099,0
6494,1
18371,0
25885,0
2192,1
20037,0
14700,1
3051,1
24002,0
24951,0
21322,0
22104,0
23827,0
16365,0
4718,1
7299,1
11506,1
3565,1
20174,0
15593,1
27295,0
5174,1
12471,1
10072,1
6803,1
6966,1
1467,1
6024,1
26753,0
21288,0
13986,1
5210,1
21643,0
1930,1
12846,1
24957,0
14809,1
5958,1
2600,1
30555,0
13066,1
22505,0
4888,1
16761,0
5804,1
27369,0
20462,0
17641,0
29810,0
15637,1
30704,0
27185,0
5076,1
11201,1
13800,1
5217,1
27235,0
23487,0
306,1
6032,1
1277,1
19799,0
19883,0
29908,0
19943,0
12274,1
30571,0
8361,1
27385,0
28263,0
7175,1
21884,0
7977,1
19020,0
883,1
27197,0
19301,0
10235,1
1198,1
27552,0
4142,1
19895,0
7568,1
7182,1
3270,1
1384,1
10958,1
29327,0
204,1
3567,1
6793,1
20490,0
20015,0
12858,1
7480,1
7016,1
9855,1
20600,0
26721,0
9316,1
9783,1
7587,1
20206,0
18960,0
24928,0
25214,0
26405,0
26806,0
21832,0
12368,1
31123,0
26263,0
28164,0
27575,0
15353,1
27632,0
18573,0
25012,0
8737,1
15591,1
12676,1
17594,0
12371,1
5727,1
23683,0
13555,1
26947,0
29454,0
30080,0
4653,1
27318,0
23679,0
13761,1
26115,0
11837,1
22427,0
9573,1
19807,0
5955,1
19635,0
30839,0
11889,1
10510,1
30848,0
22926,0
1993,1
29893,0
16507,0
20275,0
9119,1
19311,0
7942,1
19569,0
11256,1
16281,0
3783,1
25150,0
5260,1
17176,0
22976,0
10921,1
22123,0
11606,1
20781,0
83,1
21341,0
19253,0
10468,1
5391,1
11103,1
7096,1
4127,1
2965,1
12863,1
11222,1
576,1
2568,1
18833,0
1428,1
30071,0
11340,1
8851,1
24192,0
28755,0
6148,1
5323,1
20541,0
24939,0
10847,1
3128,1
28951,0
25089,0
10831,1
26411,0
16975,0
31802,0
8789,1
26123,0
20238,0
26423,0
13927,1
29755,0
15322,1
280,1
24787,0
14973,1
552,1
26520,0
7397,1
27536,0
12655,1
19294,0
20481,0
25313,0
15878,1
16195,0
6847,1
6751,1
26435,0
23547,0
23253,0
12637,1
22731,0
5502,1
23144,0
21727,0
6862,1
31243,0
13461,1
19003,0
23227,0
24597,0
27761,0
2963,1
4017,1
20730,0
23418,0
23434,0
8045,1
4753,1
26487,0
4144,1
10465,1
23943,0
23274,0
16030,0
1368,1
7822,1
20290,0
31266,0
1708,1
27162,0
2054,1
17435,0
17430,0
22890,0
8498,1
25872,0
4811,1
18784,0
25008,0
31241,0
15751,1
9095,1
10760,1
20872,0
12115,1
14813,1
12866,1
3602,1
14448,1
1824,1
24203,0
27537,0
16006,0
7594,1
14376,1
7951,1
8817,1
28989,0
19263,0
10769,1
30252,0
9051,1
8937,1
23018,0
6783,1
18622,0
3650,1
23946,0
7857,1
17612,0
27530,0
15240,1
12044,1
18710,0
662,1
10299,1
313,1
677,1
9210,1
9973,1
72,1
1315,1
27242,0
26870,0
26924,0
23632,0
3193,1
6566,1
3077,1
25772,0
10233,1
30730,0
11683,1
11778,1
28973,0
11738,1
10506,1
28115,0
3865,1
20226,0
6410,1
2989,1
4459,1
8620,1
21397,0
6122,1
4884,1
19722,0
19139,0
17489,0
2085,1
16693,0
5633,1
14503,1
30533,0
17063,0
14525,1
7049,1
10788,1
20304,0
17833,0
22535,0
8263,1
30094,0
20764,0
6542,1
15010,1
21233,0
12345,1
17405,0
12906,1
12831,1
18634,0
18286,0
21104,0
30195,0
13112,1
337,1
885,1
14505,1
29849,0
4296,1
13363,1
30690,0
16330,0
8427,1
24722,0
16786,0
25029,0
27422,0
23355,0
11925,1
9088,1
22306,0
1855,1
17823,0
30791,0
22454,0
21743,0
11819,1
17623,0
31908,0
1700,1
29556,0
24507,0
31624,0
10222,1
19756,0
6398,1
4700,1
18232,0
13525,1
11291,1
14560,1
4307,1
23815,0
22529,0
22949,0
1732,1
2380,1
14848,1
28290,0
2660,1
18254,0
19404,0
24647,0
11856,1
10234,1
9150,1
3057,1
28094,0
6935,1
6174,1
499,1
12429,1
22444,0
4558,1
18420,0
2274,1
13155,1
30799,0
14568,1
29876,0
24178,0
29228,0
13376,1
16619,0
29456,0
13844,1
29598,0
27542,0
23731,0
13209,1
28763,0
26273,0
10470,1
810,1
13838,1
25595,0
13365,1
28652,0
12233,1
15752,1
14992,1
13073,1
25083,0
5818,1
13353,1
26194,0
21346,0
14042,1
3172,1
24038,0
28466,0
15848,1
22699,0
20818,0
17351,0
25397,0
13801,1
24046,0
25026,0
6473,1
28067,0
8781,1
14860,1
17915,0
16127,0
9569,1
14293,1
6796,1
24022,0
16465,0
29210,0
30684,0
19184,0
14178,1
4600,1
4395,1
12218,1
25202,0
31287,0
961,1
5700,1
9083,1
20057,0
24317,0
17188,0
3348,1
19249,0
7791,1
25084,0
19945,0
1301,1
15991,1
4861,1
7844,1
24796,0
29609,0
23818,0
21992,0
4343,1
4014,1
4802,1
3112,1
14817,1
26111,0
18895,0
10685,1
6376,1
24326,0
4631,1
4614,1
23347,0
20517,0
15203,1
8366,1
1646,1
10912,1
9755,1
4203,1
17538,0
2787,1
11862,1
6274,1
6671,1
23259,0
19388,0
16036,0
8360,1
769,1
13366,1
25469,0
23703,0
28190,0
15887,1
20062,0
9779,1
4407,1
6186,1
25823,0
29517,0
1949,1
30249,0
15959,1
21824,0
1666,1
12512,1
13004,1
1000,1
15295,1
13440,1
27461,0
15537,1
30552,0
7222,1
24000,0
24246,0
30680,0
29072,0
3561,1
30726,0
4492,1
15470,1
24101,0
6882,1
14328,1
11158,1
8765,1
30321,0
17845,0
21581,0
30853,0
4738,1
622,1
5061,1
7055,1
2332,1
9071,1
2619,1
12240,1
4501,1
7277,1
25204,0
24544,0
25585,0
5568,1
10136,1
29692,0
2860,1
13815,1
21552,0
7776,1
28156,0
1928,1
12052,1
5808,1
24404,0
11406,1
26181,0
22844,0
25609,0
21662,0
14714,1
8001,1
606,1
12144,1
13272,1
2319,1
29657,0
203,1
16201,0
25465,0
5602,1
17497,0
27357,0
13095,1
20757,0
3375,1
3397,1
5455,1
9260,1
18242,0
31095,0
26932,0
4976,1
6425,1
2770,1
7539,1
17911,0
3527,1
24789,0
18153,0
25685,0
17041,0
18287,0
30425,0
29298,0
31817,0
10712,1
11861,1
27678,0
13417,1
23847,0
9266,1
31827,0
8066,1
4136,1
29950,0
16838,0
1915,1
5698,1
12986,1
23758,0
12098,1
22683,0
25854,0
3325,1
28641,0
515,1
28330,0
17942,0
7809,1
7091,1
6432,1
13600,1
9171,1
23463,0
18569,0
24930,0
12586,1
20334,0
28658,0
12403,1
23734,0
4989,1
719,1
22140,0
3041,1
18764,0
1570,1
31184,0
25110,0
17406,0
11578,1
15543,1
28213,0
18499,0
28206,0
7550,1
23008,0
4175,1
23151,0
8871,1
3703,1
12139,1
29889,0
12054,1
7171,1
30175,0
10100,1
15572,1
14144,1
24456,0
20045,0
10934,1
207,1
8663,1
15624,1
16415,0
26283,0
5657,1
10889,1
28458,0
26551,0
24328,0
25830,0
10065,1
1972,1
15804,1
6378,1
30004,0
3472,1
22804,0
9439,1
19828,0
26872,0
510,1
27938,0
562,1
18888,0
5229,1
4934,1
29285,0
31862,0
27080,0
19757,0
5766,1
25794,0
1179,1
10930,1
1772,1
13977,1
9871,1
30732,0
12050,1
18311,0
30039,0
23006,0
20087,0
2983,1
8301,1
5483,1
16086,0
821,1
15221,1
9790,1
14411,1
10433,1
30436,0
27564,0
9991,1
1219,1
25402,0
2194,1
24734,0
6647,1
11770,1
15633,1
15558,1
12406,1
28387,0
402,1
4651,1
28295,0
4559,1
3387,1
9820,1
18876,0
12642,1
537,1
16017,0
11213,1
11797,1
29702,0
11420,1
31667,0
4124,1
23240,0
3208,1
14346,1
8296,1
11436,1
19951,0
9112,1
24840,0
18486,0
13237,1
807,1
2861,1
14661,1
26091,0
19815,0
23251,0
13372,1
5748,1
7842,1
21787,0
8602,1
4089,1
29460,0
18187,0
5648,1
24905,0
18613,0
8082,1
31700,0
26088,0
10462,1
19377,0
21584,0
3415,1
14626,1
2440,1
22121,0
24353,0
16413,0
28791,0
8394,1
28635,0
16327,0
28487,0
10807,1
2653,1
28249,0
30842,0
10897,1
28332,0
28849,0
17690,0
31255,0
3606,1
7063,1
23994,0
15611,1
29429,0
5527,1
12899,1
24055,0
24479,0
16254,0
3523,1
21621,0
23483,0
25524,0
21742,0
12979,1
15506,1
6927,1
9536,1
4046,1
803,1
21468,0
13864,1
28107,0
6997,1
19666,0
10765,1
19403,0
1230,1
21039,0
14273,1
22662,0
30238,0
15993,1
28534,0
30805,0
5096,1
11774,1
331,1
18576,0
18149,0
21595,0
31268,0
4588,1
22467,0
3760,1
31028,0
8215,1
26165,0
5990,1
1038,1
29123,0
7642,1
9669,1
10010,1
18976,0
21452,0
24279,0
5056,1
29980,0
17963,0
17565,0
1348,1
30717,0
22002,0
4135,1
14323,1
23548,0
4162,1
16976,0
7523,1
21953,0
3661,1
10071,1
7715,1
24859,0
11076,1
1311,1
19148,0
856,1
17583,0
8560,1
17502,0
13958,1
29890,0
9099,1
559,1
29843,0
4345,1
17164,0
13459,1
25271,0
13820,1
15346,1
20236,0
14280,1
20656,0
12920,1
23184,0
1402,1
28220,0
25372,0
8846,1
3,1
5822,1
239,1
3117,1
13804,1
3712,1
4682,1
20324,0
27624,0
261,1
5486,1
3803,1
7974,1
20135,0
22110,0
7522,1
18512,0
17059,0
28846,0
21842,0
9651,1
14627,1
20636,0
1362,1
22726,0
17453,0
3349,1
29432,0
24806,0
31792,0
20272,0
571,1
10670,1
771,1
28065,0
8739,1
14468,1
12953,1
26869,0
16869,0
15632,1
4862,1
27514,0
15907,1
1845,1
30602,0
14434,1
6980,1
18470,0
28455,0
81,1
3419,1
29553,0
10696,1
21363,0
28639,0
25779,0
12105,1
5716,1
3801,1
23252,0
17887,0
5588,1
25777,0
28801,0
26828,0
12868,1
12554,1
21996,0
6559,1
3992,1
16456,0
31056,0
23554,0
22180,0
10097,1
26537,0
6160,1
20829,0
30157,0
7017,1
13097,1
6837,1
19156,0
4018,1
1025,1
2729,1
18480,0
13088,1
23447,0
11694,1
22362,0
18677,0
23907,0
27625,0
7662,1
20157,0
11914,1
20833,0
24802,0
9688,1
29059,0
1167,1
27638,0
18271,0
8613,1
8362,1
925,1
31600,0
28760,0
1392,1
25706,0
9958,1
24688,0
15461,1
26248,0
27021,0
17870,0
29673,0
11708,1
8705,1
12576,1
13186,1
8367,1
14888,1
24584,0
9288,1
9116,1
15618,1
6972,1
30633,0
11854,1
20230,0
13965,1
14760,1
12197,1
1551,1
2156,1
24518,0
24519,0
14123,1
23167,0
8670,1
20994,0
9084,1
30721,0
10078,1
19703,0
20772,0
13878,1
28149,0
6340,1
23650,0
20354,0
2953,1
151,1
14998,1
20065,0
31308,0
3229,1
14652,1
23455,0
13919,1
20050,0
13883,1
29061,0
31128,0
5357,1
16554,0
1785,1
2731,1
1734,1
6218,1
17515,0
10875,1
930,1
5968,1
6962,1
5926,1
23604,0
14294,1
7111,1
11476,1
27777,0
10962,1
9374,1
7018,1
17658,0
17221,0
18847,0
22753,0
7356,1
20879,0
13244,1
15167,1
15159,1
10699,1
22979,0
7251,1
29058,0
4097,1
17793,0
11556,1
12798,1
31278,0
10974,1
20086,0
251,1
14249,1
2559,1
676,1
29296,0
7411,1
29175,0
28770,0
5026,1
11574,1
11857,1
496,1
5353,1
23471,0
24556,0
12721,1
24140,0
8309,1
10540,1
3403,1
18687,0
20715,0
11494,1
14573,1
31002,0
13082,1
14095,1
20374,0
28460,0
23982,0
21997,0
29857,0
3969,1
2925,1
16315,0
13718,1
8496,1
24478,0
15518,1
26459,0
17534,0
26001,0
20657,0
26005,0
16325,0
905,1
63,1
3860,1
11529,1
27485,0
19468,0
30067,0
20589,0
29683,0
6020,1
4578,1
14914,1
18074,0
13956,1
23083,0
9198,1
3034,1
7350,1
17256,0
15391,1
20972,0
16305,0
4191,1
12908,1
25847,0
30015,0
7921,1
13817,1
27225,0
12595,1
2188,1
28729,0
20258,0
4532,1
1588,1
12223,1
15300,1
25862,0
11816,1
12772,1
8917,1
9478,1
8151,1
2944,1
14267,1
21123,0
8550,1
7781,1
757,1
14260,1
23496,0
28815,0
21631,0
16748,0
16137,0
31895,0
20282,0
16738,0
14252,1
26250,0
15196,1
11782,1
2699,1
23477,0
24007,0
23365,0
5620,1
5078,1
6864,1
790,1
10269,1
26006,0
31107,0
23503,0
12621,1
5856,1
23653,0
30130,0
17677,0
19473,0
15756,1
3866,1
22834,0
26436,0
29866,0
9892,1
19867,0
24210,0
4022,1
19356,0
8143,1
21731,0
23321,0
31476,0
21365,0
20099,0
16393,0
12259,1
7385,1
8900,1
19055,0
2479,1
13516,1
29864,0
25014,0
566,1
19582,0
18584,0
11189,1
27939,0
14583,1
30921,0
31390,0
28750,0
1027,1
19858,0
23380,0
14658,1
5186,1
27000,0
2011,1
7732,1
29662,0
12758,1
5342,1
2096,1
28779,0
26669,0
89,1
6544,1
29558,0
23125,0
22508,0
7173,1
27345,0
14949,1
25132,0
712,1
20191,0
19163,0
16648,0
3485,1
6790,1
21701,0
29939,0
8835,1
25681,0
17390,0
24973,0
3310,1
25394,0
14170,1
12579,1
9700,1
3475,1
28572,0
22801,0
7554,1
29396,0
26951,0
12086,1
18937,0
11432,1
20431,0
30613,0
12949,1
8872,1
30385,0
1397,1
15220,1
19625,0
14254,1
20461,0
24100,0
7887,1
11916,1
630,1
22875,0
1328,1
23543,0
960,1
2901,1
11788,1
715,1
5643,1
17022,0
30069,0
23431,0
7268,1
179,1
31937,0
27769,0
3826,1
8774,1
13009,1
11244,1
21162,0
10323,1
9224,1
24084,0
27198,0
30457,0
21375,0
13421,1
5442,1
16019,0
15446,1
9886,1
25907,0
20911,0
31701,0
3184,1
18003,0
8603,1
25665,0
21628,0
15275,1
11571,1
11548,1
28334,0
31103,0
18616,0
24574,0
24970,0
8224,1
18096,0
13084,1
3964,1
4647,1
6615,1
19363,0
7030,1
15453,1
20219,0
13449,1
18015,0
31284,0
23800,0
15054,1
19325,0
13104,1
24863,0
3048,1
26106,0
22,1
8004,1
26211,0
23056,0
3026,1
4553,1
4027,1
27734,0
26398,0
31000,0
19125,0
23669,0
12046,1
31668,0
19374,0
9042,1
21510,0
4229,1
8860,1
15850,1
24894,0
12261,1
4362,1
5403,1
9589,1
1424,1
13201,1
16593,0
10179,1
25154,0
25321,0
11803,1
25952,0
31830,0
31417,0
24379,0
18670,0
11131,1
9535,1
15668,1
2941,1
27218,0
24399,0
11888,1
22815,0
4833,1
544,1
20474,0
3312,1
1258,1
2321,1
26105,0
11144,1
14650,1
25188,0
10555,1
29707,0
2563,1
2652,1
11472,1
30967,0
30887,0
6531,1
13347,1
21579,0
9760,1
1322,1
19687,0
20925,0
6006,1
20382,0
13747,1
25780,0
27991,0
3275,1
29459,0
3289,1
13262,1
11561,1
4232,1
11616,1
25711,0
567,1
16880,0
273,1
10739,1
13760,1
6196,1
20105,0
16845,0
23610,0
14861,1
28251,0
28209,0
15704,1
23180,0
2412,1
16131,0
691,1
10032,1
24995,0
15753,1
3189,1
18830,0
10902,1
17287,0
29639,0
26159,0
21115,0
23331,0
31714,0
30160,0
16491,0
18523,0
11435,1
6581,1
23197,0
3424,1
23458,0
22371,0
11755,1
24968,0
504,1
18343,0
4160,1
6217,1
30660,0
10877,1
2867,1
7641,1
17494,0
19161,0
31313,0
5309,1
1357,1
14801,1
29197,0
16215,0
15429,1
4800,1
14265,1
18110,0
26601,0
26058,0
22671,0
10818,1
5666,1
5815,1
23176,0
13340,1
12069,1
19677,0
7498,1
28020,0
13991,1
4786,1
14210,1
10084,1
7219,1
13295,1
25686,0
1073,1
14803,1
1089,1
23801,0
22673,0
303,1
24918,0
23066,0
30358,0
22108,0
31534,0
25227,0
14020,1
15768,1
16699,0
22829,0
14152,1
27317,0
20467,0
13223,1
3722,1
4065,1
15440,1
23036,0
2419,1
18515,0
13190,1
1310,1
13959,1
7692,1
31024,0
4730,1
663,1
16948,0
20577,0
11711,1
1440,1
14091,1
31449,0
25320,0
866,1
1841,1
25353,0
16584,0
8752,1
3489,1
12237,1
5702,1
671,1
2672,1
6574,1
24497,0
15047,1
25743,0
7639,1
17707,0
9893,1
9156,1
31187,0
27016,0
5176,1
15895,1
4093,1
21834,0
18754,0
26473,0
18855,0
31372,0
28385,0
7743,1
27205,0
19180,0
30022,0
26649,0
964,1
10243,1
20787,0
20164,0
21571,0
13768,1
23642,0
25263,0
4279,1
26442,0
10661,1
4990,1
15628,1
27127,0
28480,0
14246,1
15952,1
4620,1
15393,1
1456,1
23435,0
18135,0
25079,0
6681,1
28165,0
24016,0
19674,0
22941,0
974,1
25635,0
10425,1
25060,0
26023,0
1263,1
19914,0
12588,1
12577,1
3621,1
5435,1
26330,0
10716,1
15699,1
31759,0
19855,0
14479,1
28042,0
1329,1
16913,0
7005,1
4252,1
12211,1
16452,0
14230,1
28518,0
20775,0
2930,1
22600,0
24362,0
12917,1
2205,1
5867,1
4550,1
7742,1
12114,1
19892,0
22184,0
21055,0
24643,0
12290,1
26343,0
18942,0
26102,0
3506,1
698,1
10639,1
12387,1
13042,1
12915,1
24321,0
5039,1
26686,0
13812,1
30084,0
27963,0
1620,1
12725,1
27182,0
30790,0
254,1
20944,0
19591,0
19145,0
19953,0
27338,0
12672,1
15802,1
19639,0
29319,0
21357,0
2243,1
12823,1
28688,0
25610,0
12355,1
13133,1
19333,0
17396,0
14363,1
25560,0
5981,1
18878,0
17884,0
1236,1
9831,1
26827,0
5831,1
3667,1
31003,0
8304,1
2618,1
2755,1
16128,0
27347,0
24374,0
3362,1
29975,0
10741,1
4893,1
4275,1
21141,0
4815,1
3067,1
28724,0
2740,1
26170,0
9996,1
8383,1
20868,0
20762,0
556,1
23848,0
11427,1
18194,0
30484,0
20379,0
17868,0
20079,0
21879,0
31836,0
22078,0
26309,0
10525,1
23637,0
11245,1
23644,0
23777,0
7188,1
16185,0
18150,0
9658,1
13816,1
24533,0
1145,1
25497,0
31022,0
18767,0
3011,1
13356,1
25282,0
1723,1
18789,0
1788,1
26646,0
5029,1
31910,0
10037,1
30985,0
30169,0
23718,0
28780,0
15319,1
4079,1
27400,0
26406,0
31834,0
27025,0
22429,0
19158,0
18445,0
28188,0
28935,0
1209,1
21738,0
3306,1
23128,0
26073,0
21193,0
12005,1
18247,0
16076,0
15469,1
3301,1
12845,1
27093,0
11433,1
3308,1
27241,0
1819,1
17843,0
16936,0
26321,0
28338,0
9870,1
22770,0
9890,1
17101,0
27859,0
20314,0
3389,1
12451,1
31135,0
5459,1
26694,0
26043,0
8627,1
6310,1
2556,1
28649,0
25500,0
26624,0
22185,0
28705,0
28399,0
5016,1
30557,0
21874,0
15018,1
19598,0
23230,0
20051,0
23172,0
10957,1
22931,0
9515,1
24758,0
27379,0
6495,1
6423,1
17476,0
29478,0
19085,0
8219,1
23422,0
15020,1
29366,0
13560,1
11497,1
28049,0
10621,1
31813,0
9629,1
26554,0
22739,0
7861,1
18763,0
4000,1
25057,0
9522,1
26007,0
27807,0
3285,1
8859,1
26585,0
14199,1
25606,0
23388,0
10986,1
14320,1
10482,1
28166,0
5038,1
30740,0
15919,1
927,1
6744,1
10113,1
12927,1
22729,0
24940,0
24571,0
6663,1
12544,1
30317,0
22718,0
475,1
13923,1
24402,0
15368,1
18921,0
17871,0
20842,0
14500,1
21493,0
21215,0
15836,1
10816,1
22707,0
17649,0
2649,1
27396,0
21398,0
13822,1
14811,1
7634,1
17795,0
31679,0
17439,0
4531,1
12155,1
15898,1
26269,0
29860,0
24254,0
21337,0
13412,1
16049,0
10264,1
11212,1
27596,0
7140,1
19555,0
27101,0
22289,0
14444,1
22655,0
25576,0
4721,1
23851,0
7979,1
25123,0
804,1
19431,0
7464,1
14305,1
21649,0
17413,0
28110,0
23260,0
3136,1
14171,1
3898,1
267,1
16194,0
10372,1
27059,0
19680,0
31361,0
13305,1
333,1
1074,1
24041,0
16951,0
13040,1
15576,1
4649,1
29649,0
14597,1
26987,0
6345,1
4385,1
18339,0
26127,0
31431,0
3888,1
4452,1
11135,1
15352,1
25376,0
26400,0
29361,0
4297,1
4843,1
31496,0
16221,0
29199,0
21277,0
26918,0
283,1
3433,1
875,1
23,1
16082,0
28068,0
18556,0
17742,0
8986,1
19105,0
8162,1
31833,0
16341,0
8295,1
31814,0
21511,0
26509,0
20599,0
4665,1
9141,1
26413,0
17731,0
20681,0
31454,0
2356,1
20959,0
11771,1
8635,1
1627,1
4428,1
9634,1
2833,1
8845,1
16159,0
20927,0
13060,1
19758,0
22361,0
27164,0
10828,1
4155,1
28074,0
19654,0
6975,1
8604,1
14029,1
16060,0
13390,1
23615,0
6573,1
12524,1
2330,1
22459,0
14891,1
31514,0
18401,0
13870,1
11719,1
11019,1
26117,0
22773,0
10849,1
27301,0
13953,1
16524,0
7065,1
8168,1
26141,0
14352,1
2903,1
20071,0
28134,0
16739,0
24377,0
10666,1
10708,1
9333,1
26621,0
27386,0
10151,1
4266,1
14602,1
30260,0
17929,0
15449,1
5609,1
1527,1
18913,0
13348,1
4480,1
22116,0
6129,1
26315,0
29627,0
22735,0
7712,1
2067,1
26122,0
2218,1
1185,1
2595,1
6611,1
6529,1
2087,1
21529,0
11460,1
11939,1
11579,1
6421,1
6013,1
14866,1
11935,1
419,1
25648,0
30329,0
7001,1
13561,1
21024,0
10038,1
22299,0
20726,0
14256,1
6343,1
28605,0
31225,0
17365,0
30531,0
26365,0
225,1
6273,1
17166,0
21255,0
25705,0
10429,1
16930,0
18482,0
6146,1
13300,1
21632,0
14892,1
8449,1
11670,1
29555,0
7558,1
24329,0
8714,1
5236,1
3268,1
10924,1
17318,0
12293,1
22044,0
22990,0
12075,1
15292,1
16726,0
26332,0
6758,1
31933,0
24812,0
6679,1
22877,0
5721,1
29742,0
19217,0
1015,1
6806,1
30411,0
12238,1
12381,1
5484,1
29669,0
10385,1
8337,1
25923,0
22977,0
28045,0
12066,1
14502,1
14453,1
14791,1
14641,1
7015,1
15420,1
1699,1
24111,0
28980,0
29216,0
9321,1
18383,0
18815,0
16040,0
22059,0
8997,1
5845,1
65,1
31478,0
15513,1
26173,0
24601,0
2244,1
4487,1
24864,0
6489,1
19191,0
28419,0
6651,1
11040,1
30812,0
24089,0
19969,0
26800,0
5407,1
10836,1
26784,0
3066,1
8441,1
17308,0
1832,1
16287,0
7986,1
25755,0
24376,0
6897,1
8288,1
23799,0
12501,1
29110,0
14484,1
20933,0
26884,0
7936,1
30446,0
23394,0
19272,0
28790,0
13476,1
29173,0
20812,0
5364,1
8142,1
13206,1
14954,1
13117,1
12657,1
12848,1
23174,0
17775,0
2939,1
11581,1
29801,0
11243,1
12392,1
19903,0
26647,0
8213,1
6185,1
14447,1
15197,1
18555,0
2760,1
14538,1
14952,1
6040,1
16574,0
19832,0
31597,0
21604,0
10443,1
15224,1
16318,0
16042,0
17838,0
29128,0
4438,1
10449,1
22162,0
24040,0
20268,0
17305,0
3838,1
26866,0
5517,1
6784,1
12513,1
21026,0
15675,1
28192,0
15833,1
19600,0
7934,1
26762,0
19560,0
12108,1
20175,0
21678,0
16391,0
28513,0
31555,0
256,1
15697,1
1859,1
17801,0
27660,0
2792,1
13705,1
3965,1
13669,1
14528,1
22604,0
11597,1
29753,0
24445,0
30988,0
19172,0
30355,0
29976,0
26965,0
28358,0
29577,0
31213,0
31967,0
2510,1
1164,1
14137,1
1522,1
29648,0
11082,1
22479,0
19432,0
20508,0
31345,0
15792,1
13200,1
18688,0
24558,0
5586,1
6482,1
5138,1
29075,0
27527,0
798,1
24667,0
17125,0
12552,1
4281,1
6939,1
26144,0
22492,0
24631,0
1838,1
6620,1
29773,0
9401,1
15507,1
21852,0
19198,0
1907,1
2892,1
4025,1
1478,1
30648,0
19162,0
28416,0
172,1
20358,0
18280,0
3089,1
20950,0
6924,1
20526,0
18595,0
20270,0
15942,1
19689,0
24618,0
22406,0
11750,1
13445,1
31033,0
25604,0
15200,1
3676,1
27431,0
25990,0
23587,0
20789,0
17811,0
3317,1
30228,0
26720,0
18364,0
16527,0
5105,1
22275,0
27787,0
2518,1
3637,1
20311,0
9692,1
19147,0
21425,0
3912,1
16718,0
11915,1
23992,0
25533,0
28604,0
20327,0
1920,1
2675,1
21107,0
4554,1
10882,1
13255,1
19007,0
9090,1
9927,1
9773,1
3734,1
26302,0
19662,0
11004,1
30897,0
28993,0
12717,1
31238,0
20262,0
9105,1
16414,0
17317,0
30079,0
20110,0
25769,0
31996,0
31646,0
17692,0
28298,0
20005,0
15366,1
13771,1
18327,0
12379,1
24018,0
15095,1
10384,1
23664,0
22262,0
4856,1
7970,1
25565,0
15937,1
1921,1
28868,0
185,1
25520,0
11515,1
23949,0
26644,0
18249,0
22160,0
14451,1
6401,1
2502,1
31280,0
17436,0
5693,1
17208,0
31405,0
29470,0
12938,1
2059,1
31021,0
16108,0
153,1
15370,1
24467,0
24207,0
5257,1
27160,0
14045,1
28086,0
19227,0
797,1
31930,0
18421,0
8630,1
14715,1
21815,0
29578,0
26513,0
20825,0
28071,0
25796,0
10062,1
21909,0
22842,0
22966,0
1129,1
14532,1
29177,0
2245,1
9460,1
17764,0
21890,0
24305,0
29359,0
25167,0
6635,1
6429,1
15480,1
6499,1
19354,0
30778,0
31058,0
18608,0
28003,0
18889,0
14401,1
6128,1
10408,1
5829,1
6111,1
30435,0
14942,1
6030,1
7973,1
18449,0
20602,0
6286,1
6976,1
28926,0
24833,0
28661,0
3068,1
30632,0
21560,0
26697,0
11178,1
28984,0
25732,0
25045,0
11231,1
24224,0
2088,1
6694,1
7078,1
21083,0
7753,1
31630,0
7716,1
15032,1
19648,0
13900,1
1444,1
7774,1
16164,0
2921,1
6942,1
18369,0
31604,0
12838,1
8458,1
4388,1
9208,1
11372,1
8545,1
19417,0
27219,0
30781,0
1237,1
12562,1
14725,1
29221,0
15315,1
2456,1
26575,0
27611,0
20579,0
12608,1
16362,0
20773,0
5777,1
30114,0
12084,1
14814,1
21377,0
21306,0
19818,0
25944,0
8976,1
777,1
29571,0
22799,0
7192,1
24675,0
30861,0
7115,1
14793,1
13603,1
28293,0
2298,1
23719,0
11268,1
23282,0
12815,1
30438,0
5606,1
30585,0
588,1
6319,1
12597,1
10241,1
3249,1
2599,1
13225,1
22759,0
4082,1
11878,1
7206,1
28163,0
29151,0
11541,1
26364,0
14518,1
17425,0
25566,0
3245,1
23648,0
13536,1
8435,1
19088,0
21224,0
45,1
10236,1
1196,1
17116,0
2237,1
17738,0
31876,0
21746,0
12800,1
18899,0
28444,0
28411,0
5644,1
12413,1
17265,0
22547,0
8252,1
5793,1
13492,1
14983,1
17281,0
8094,1
26427,0
13380,1
24623,0
25992,0
26300,0
2306,1
27646,0
23953,0
19399,0
23611,0
9320,1
24103,0
18668,0
1813,1
10480,1
8883,1
19334,0
21690,0
20259,0
29643,0
2746,1
265,1
28908,0
28940,0
14051,1
6749,1
1499,1
21773,0
25050,0
9872,1
25047,0
18624,0
19788,0
11230,1
31944,0
12384,1
19690,0
21071,0
25886,0
29735,0
18029,0
24311,0
24717,0
4606,1
10392,1
8243,1
6920,1
21720,0
19206,0
18684,0
31502,0
8886,1
11742,1
15715,1
14623,1
9785,1
22918,0
7821,1
11,1
18471,0
25011,0
11637,1
22531,0
21101,0
23871,0
15142,1
27451,0
20074,0
12964,1
759,1
20549,0
30090,0
26387,0
24679,0
27056,0
14693,1
19204,0
24435,0
4840,1
25163,0
19100,0
1882,1
23275,0
8527,1
6903,1
12761,1
21033,0
29964,0
10822,1
1498,1
25195,0
15852,1
679,1
6126,1
8549,1
10258,1
21776,0
6654,1
6322,1
2553,1
22573,0
22783,0
18381,0
10861,1
13762,1
30301,0
3130,1
27277,0
20247,0
5901,1
5535,1
15331,1
25691,0
18671,0
7465,1
26290,0
16448,0
10767,1
10469,1
11752,1
12617,1
30626,0
3157,1
31751,0
16780,0
14639,1
19686,0
3618,1
13093,1
12713,1
11517,1
20631,0
29191,0
11689,1
12945,1
8775,1
14996,1
23577,0
7485,1
26456,0
30776,0
5599,1
22280,0
6656,1
24393,0
21068,0
15488,1
16582,0
28625,0
13141,1
18000,0
28301,0
17218,0
10778,1
20440,0
5239,1
5636,1
24906,0
10505,1
29894,0
17788,0
7930,1
8034,1
18199,0
28765,0
17905,0
11370,1
639,1
5715,1
7747,1
28344,0
10129,1
15932,1
25892,0
8145,1
29685,0
6857,1
2150,1
18218,0
10338,1
15481,1
1180,1
29745,0
27992,0
3003,1
310,1
15602,1
7148,1
10256,1
20372,0
15525,1
10950,1
9491,1
13810,1
22677,0
21433,0
7569,1
14894,1
20466,0
12437,1
11971,1
4664,1
1055,1
2474,1
31941,0
8975,1
16781,0
13776,1
30148,0
16188,0
1136,1
2850,1
19216,0
14836,1
9354,1
30483,0
3736,1
9,1
14797,1
2283,1
31294,0
23633,0
6019,1
29511,0
31661,0
10387,1
26714,0
19262,0
28376,0
30371,0
7040,1
4476,1
5897,1
19570,0
6271,1
11133,1
15305,1
18516,0
30723,0
10842,1
12749,1
26671,0
18017,0
12518,1
30683,0
5297,1
17350,0
24001,0
13590,1
26110,0
18630,0
25935,0
14816,1
25349,0
21153,0
29796,0
4654,1
20523,0
5165,1
399,1
9191,1
25418,0
16920,0
18557,0
24047,0
6078,1
9375,1
19208,0
23808,0
15360,1
8733,1
6970,1
18138,0
13055,1
13948,1
22617,0
20742,0
2711,1
1893,1
19905,0
15966,1
23179,0
1851,1
16933,0
30213,0
11924,1
4108,1
14716,1
20618,0
25088,0
14978,1
14680,1
3564,1
5883,1
4165,1
27795,0
29143,0
14547,1
16753,0
8274,1
25813,0
23787,0
27358,0
1579,1
21132,0
3768,1
30979,0
12124,1
15892,1
18178,0
21500,0
19848,0
2884,1
24441,0
6222,1
12028,1
28229,0
23130,0
6589,1
30519,0
1581,1
31352,0
5343,1
23985,0
13505,1
14969,1
17671,0
18031,0
5947,1
3319,1
10867,1
6100,1
24356,0
17492,0
21538,0
20475,0
18885,0
9407,1
5513,1
14751,1
27895,0
9727,1
5980,1
25075,0
2066,1
15266,1
11110,1
16927,0
577,1
9169,1
19357,0
11254,1
8033,1
23095,0
22354,0
21633,0
7440,1
15979,1
3059,1
11058,1
28043,0
19380,0
26348,0
3452,1
24319,0
14638,1
28835,0
19877,0
2299,1
19452,0
580,1
998,1
24817,0
30724,0
15,1
20895,0
27440,0
14422,1
26877,0
12973,1
26650,0
13580,1
19060,0
4109,1
10812,1
14455,1
3126,1
29897,0
12070,1
30143,0
11851,1
1711,1
15268,1
14325,1
20813,0
10657,1
18334,0
361,1
31464,0
19228,0
14495,1
4760,1
26532,0
12322,1
753,1
6141,1
21933,0
15085,1
12921,1
5402,1
16802,0
10576,1
10688,1
2236,1
29901,0
26228,0
7291,1
12112,1
20069,0
11060,1
986,1
27407,0
11471,1
13895,1
29375,0
27114,0
9183,1
137,1
7616,1
19664,0
16737,0
6987,1
23494,0
14467,1
15425,1
4153,1
29586,0
9626,1
9064,1
1526,1
31130,0
14166,1
1513,1
3727,1
16387,0
30088,0
4768,1
12998,1
1369,1
26796,0
5158,1
28956,0
3974,1
12678,1
3074,1
12469,1
3846,1
28434,0
12348,1
11134,1
23060,0
25521,0
4694,1
31899,0
3299,1
1435,1
19405,0
23472,0
2430,1
23539,0
7289,1
11365,1
9477,1
26747,0
8177,1
8265,1
6281,1
2314,1
29354,0
21789,0
30164,0
26549,0
16798,0
23621,0
29631,0
10247,1
27187,0
1960,1
14218,1
15046,1
5931,1
23288,0
23917,0
9821,1
11180,1
31204,0
21105,0
7339,1
6891,1
13872,1
27031,0
12696,1
24899,0
2695,1
3513,1
2476,1
10835,1
8154,1
26682,0
2058,1
17756,0
25345,0
25413,0
23221,0
7341,1
29007,0
26829,0
21126,0
10586,1
27695,0
14088,1
20534,0
31592,0
10546,1
1161,1
6440,1
5107,1
17095,0
1069,1
14696,1
15707,1
246,1
14317,1
7678,1
12533,1
26546,0
1943,1
1936,1
23073,0
29410,0
1964,1
30123,0
3683,1
22584,0
491,1
11954,1
30481,0
12763,1
19009,0
22368,0
23921,0
19450,0
9531,1
8838,1
7003,1
23106,0
30359,0
21813,0
16906,0
4516,1
31577,0
18956,0
5885,1
23341,0
13167,1
28322,0
14850,1
9916,1
12937,1
3040,1
11015,1
22035,0
27226,0
4139,1
28335,0
7266,1
12767,1
3812,1
20121,0
28203,0
3766,1
22555,0
14982,1
13276,1
12064,1
14224,1
12385,1
17154,0
13128,1
10164,1
4141,1
26028,0
6143,1
10566,1
10848,1
2484,1
3092,1
10644,1
11187,1
23652,0
24591,0
14962,1
22381,0
29788,0
6539,1
11516,1
7637,1
7473,1
12556,1
9280,1
23082,0
12688,1
19353,0
28524,0
2406,1
8648,1
27617,0
25138,0
12096,1
21563,0
4584,1
10846,1
8598,1
7048,1
11712,1
2798,1
29455,0
21804,0
24318,0
27880,0
13281,1
27996,0
19777,0
2313,1
8894,1
19670,0
3718,1
17995,0
19890,0
13014,1
3277,1
187,1
4580,1
550,1
26744,0
15080,1
21438,0
21829,0
1422,1
16027,0
21616,0
6835,1
28690,0
19850,0
17437,0
31634,0
22339,0
10913,1
4577,1
17930,0
2772,1
17203,0
13268,1
20844,0
21460,0
26092,0
7267,1
4051,1
3083,1
30485,0
195,1
12902,1
27228,0
17392,0
18954,0
5461,1
19336,0
9968,1
11392,1
10656,1
15912,1
20802,0
31512,0
17530,0
26282,0
2452,1
5933,1
25294,0
5751,1
20298,0
15690,1
11754,1
6766,1
26736,0
17377,0
10317,1
16466,0
2535,1
2834,1
592,1
10581,1
6636,1
8233,1
2336,1
12265,1
24216,0
27793,0
16599,0
7334,1
11419,1
31443,0
16815,0
3290,1
26949,0
31380,0
29611,0
15877,1
29969,0
5220,1
23328,0
10424,1
5963,1
4982,1
15724,1
18495,0
20123,0
806,1
1193,1
14120,1
1781,1
3979,1
14590,1
2,1
20940,0
13535,1
4761,1
1590,1
20201,0
3623,1
21687,0
17038,0
1823,1
13648,1
5043,1
18212,0
29652,0
14113,1
27425,0
15188,1
26529,0
2195,1
15911,1
10674,1
16368,0
1047,1
19745,0
24251,0
17058,0
1054,1
0,1
18690,0
17876,0
26845,0
25415,0
20645,0
29489,0
13503,1
16529,0
27339,0
363,1
18564,0
21194,0
25575,0
3522,1
22447,0
19584,0
23318,0
4063,1
7702,1
30027,0
17680,0
18857,0
23051,0
30847,0
14634,1
26060,0
3021,1
9367,1
1616,1
23446,0
4003,1
30523,0
28594,0
18560,0
2557,1
17460,0
7901,1
8696,1
15983,1
13491,1
26670,0
7371,1
6913,1
3583,1
24655,0
25130,0
25480,0
21025,0
30291,0
1096,1
12187,1
11398,1
10174,1
2391,1
14097,1
22365,0
16799,0
25757,0
16624,0
17337,0
3187,1
21957,0
14251,1
24953,0
9024,1
15839,1
30941,0
22639,0
3840,1
1607,1
6469,1
6998,1
15890,1
2168,1
11918,1
431,1
25672,0
15482,1
2596,1
4804,1
20488,0
8353,1
20719,0
865,1
15119,1
30400,0
13413,1
31605,0
22022,0
3516,1
6257,1
18944,0
16310,0
12423,1
12648,1
1632,1
16632,0
19616,0
9031,1
20816,0
18348,0
11203,1
23045,0
16471,0
32,1
17904,0
10634,1
6336,1
7526,1
18109,0
22277,0
18628,0
16990,0
5560,1
23123,0
24387,0
27236,0
13142,1
18633,0
30105,0
22967,0
31331,0
279,1
35,1
22117,0
19002,0
5233,1
17705,0
26821,0
18288,0
8637,1
6698,1
27034,0
28948,0
5109,1
18617,0
14397,1
3207,1
5295,1
3692,1
9055,1
8207,1
11121,1
17799,0
13791,1
16328,0
12138,1
8595,1
664,1
30558,0
30507,0
17989,0
28173,0
31495,0
15524,1
15695,1
14440,1
26407,0
24694,0
3454,1
16723,0
31748,0
3958,1
661,1
26081,0
11653,1
31274,0
4485,1
2744,1
23853,0
11956,1
8989,1
11089,1
8785,1
29421,0
27320,0
29883,0
4398,1
1850,1
12829,1
11917,1
2552,1
10079,1
23717,0
3045,1
21432,0
3165,1
14193,1
29905,0
7293,1
25290,0
24375,0
5001,1
19601,0
12409,1
19693,0
9276,1
22070,0
49,1
7535,1
12851,1
20793,0
1809,1
27505,0
23098,0
18144,0
28831,0
20934,0
16700,0
14564,1
1716,1
2764,1
10908,1
30029,0
25998,0
20261,0
28970,0
23281,0
25869,0
12985,1
24874,0
28746,0
17282,0
29431,0
4290,1
22957,0
4045,1
31959,0
16209,0
27670,0
26699,0
28611,0
408,1
24360,0
19242,0
8334,1
31968,0
6707,1
4881,1
23147,0
10872,1
6658,1
263,1
7076,1
29504,0
16858,0
17734,0
31281,0
29281,0
12006,1
19881,0
6746,1
1150,1
10541,1
9168,1
23486,0
18704,0
22171,0
28842,0
29213,0
10734,1
26954,0
17668,0
28938,0
17451,0
26639,0
9474,1
6358,1
29267,0
11271,1
20210,0
29546,0
4396,1
21174,0
25905,0
6911,1
24921,0
25817,0
7053,1
13968,1
9173,1
18890,0
29750,0
13404,1
8763,1
12752,1
3905,1
26322,0
25646,0
26108,0
5069,1
21299,0
19958,0
22696,0
9547,1
6463,1
29288,0
19446,0
16546,0
19762,0
17604,0
19791,0
28202,0
10157,1
2656,1
9101,1
14785,1
5984,1
7533,1
15626,1
298,1
24513,0
15354,1
17755,0
27627,0
29362,0
29830,0
26358,0
19580,0
20263,0
7294,1
21593,0
2220,1
4974,1
22709,0
14771,1
27196,0
11982,1
29390,0
4993,1
17291,0
5717,1
27464,0
19397,0
11140,1
25106,0
14493,1
6512,1
22794,0
25205,0
13699,1
3417,1
2154,1
27545,0
30947,0
4086,1
6409,1
23594,0
31125,0
26956,0
27579,0
16175,0
12709,1
8384,1
5282,1
15563,1
10784,1
26057,0
22297,0
4403,1
9891,1
22583,0
11425,1
7198,1
13457,1
4481,1
15899,1
24824,0
1897,1
19164,0
25695,0
271,1
18527,0
1291,1
17873,0
11558,1
22400,0
18139,0
23617,0
26912,0
31808,0
3853,1
3681,1
10400,1
20805,0
8697,1
832,1
6412,1
29679,0
10538,1
15223,1
17558,0
31877,0
10534,1
31924,0
20712,0
29628,0
4468,1
13156,1
30755,0
16302,0
4470,1
18929,0
14497,1
31552,0
23136,0
26676,0
16383,0
9938,1
10180,1
10228,1
26994,0
13482,1
5795,1
17139,0
24858,0
13673,1
14302,1
13847,1
15276,1
2959,1
1829,1
24814,0
25679,0
24619,0
2648,1
2828,1
12532,1
23707,0
11518,1
21456,0
6667,1
12317,1
26618,0
12963,1
27154,0
23883,0
20952,0
11132,1
7502,1
14615,1
23626,0
3571,1
13191,1
4434,1
12686,1
22452,0
1391,1
20257,0
29811,0
20315,0
10287,1
30232,0
9217,1
341,1
13556,1
15989,1
24282,0
21175,0
24690,0
24151,0
11717,1
19561,0
21477,0
24054,0
20765,0
11678,1
3063,1
13480,1
24596,0
26262,0
20018,0
7085,1
15642,1
3880,1
8529,1
29371,0
3010,1
7824,1
2846,1
7910,1
17830,0
22287,0
4570,1
31181,0
20889,0
7649,1
24689,0
23277,0
1577,1
15171,1
24147,0
1591,1
27908,0
28536,0
1756,1
24014,0
27689,0
25113,0
16918,0
2831,1
846,1
1585,1
436,1
18093,0
30935,0
12343,1
22255,0
12271,1
1186,1
9733,1
14974,1
128,1
4832,1
31264,0
9921,1
18862,0
16548,0
14106,1
14057,1
18206,0
23075,0
5002,1
4016,1
19660,0
28609,0
23651,0
22565,0
25722,0
17362,0
11500,1
7196,1
20807,0
25369,0
21627,0
17324,0
5432,1
3134,1
23726,0
31516,0
22852,0
27303,0
17015,0
1290,1
4354,1
12,1
19773,0
2775,1
31811,0
25127,0
3005,1
16928,0
21050,0
18193,0
7098,1
1242,1
31770,0
4329,1
3714,1
3206,1
3321,1
6728,1
8614,1
22503,0
29573,0
13410,1
25693,0
693,1
9800,1
6606,1
22682,0
30506,0
28009,0
22758,0
20738,0
1389,1
20882,0
8041,1
12457,1
17217,0
10668,1
10776,1
16226,0
22728,0
17106,0
28794,0
11061,1
14667,1
2823,1
25291,0
30643,0
9897,1
730,1
16404,0
18115,0
27444,0
18360,0
8920,1
23424,0
2275,1
21988,0
27252,0
31804,0
15141,1
11006,1
3871,1
1178,1
17431,0
1455,1
15541,1
15512,1
22264,0
6570,1
26891,0
5593,1
31547,0
8918,1
8090,1
28339,0
5540,1
19682,0
13931,1
13733,1
19168,0
3300,1
7834,1
24692,0
7338,1
3200,1
17194,0
31314,0
19563,0
7905,1
5258,1
21018,0
21708,0
9551,1
11505,1
21282,0
1249,1
24247,0
14085,1
23186,0
14423,1
19050,0
21671,0
22241,0
3574,1
10970,1
17447,0
31398,0
21775,0
1341,1
8260,1
15946,1
6245,1
1064,1
24409,0
30866,0
18416,0
13605,1
22478,0
14828,1
22074,0
27388,0
27812,0
888,1
1451,1
22907,0
23071,0
668,1
23168,0
2639,1
24582,0
23783,0
19429,0
19352,0
31509,0
24559,0
10457,1
1605,1
6887,1
14903,1
7803,1
31760,0
7421,1
13002,1
15198,1
1568,1
5285,1
3809,1
21603,0
20473,0
12833,1
31157,0
9941,1
17186,0
6925,1
5592,1
26148,0
27768,0
17659,0
18594,0
12587,1
19031,0
16747,0
2897,1
19909,0
25741,0
23584,0
17412,0
15649,1
20413,0
16947,0
23830,0
22648,0
27856,0
31295,0
17417,0
19471,0
12350,1
833,1
19285,0
11453,1
5686,1
24537,0
2349,1
6720,1
23409,0
14110,1
2980,1
26843,0
27580,0
11812,1
25558,0
3158,1
1926,1
31939,0
18425,0
12810,1
14660,1
12940,1
11018,1
22538,0
26858,0
29060,0
1953,1
29186,0
22803,0
6367,1
24517,0
25669,0
15313,1
8456,1
1740,1
16444,0
27806,0
13210,1
18419,0
29255,0
1475,1
18137,0
24346,0
31936,0
12903,1
25169,0
19878,0
29286,0
19530,0
21032,0
15621,1
24130,0
16356,0
29398,0
7914,1
1991,1
16598,0
8007,1
9092,1
12890,1
7638,1
5697,1
20746,0
15139,1
26836,0
18925,0
780,1
17424,0
31043,0
16418,0
14863,1
30541,0
21732,0
6448,1
26480,0
3191,1
21274,0
16523,0
14417,1
26783,0
5235,1
17159,0
7647,1
665,1
31174,0
7739,1
30977,0
10128,1
16804,0
5664,1
15797,1
8238,1
2051,1
31198,0
23682,0
17797,0
2482,1
11052,1
21667,0
31588,0
12803,1
16101,0
10564,1
27673,0
25419,0
1899,1
16126,0
21362,0
27250,0
22898,0
16606,0
6764,1
25160,0
1171,1
22499,0
7201,1
29521,0
25581,0
30331,0
21237,0
8099,1
21893,0
15234,1
16272,0
5943,1
10558,1
25564,0
31737,0
26236,0
20299,0
18973,0
2446,1
5356,1
18040,0
20707,0
22219,0
15102,1
13000,1
22727,0
11845,1
2708,1
14995,1
23573,0
8282,1
3427,1
11835,1
15273,1
20767,0
31675,0
6426,1
8827,1
20029,0
16757,0
19972,0
26070,0
27978,0
15405,1
11143,1
1157,1
8678,1
9960,1
6969,1
15435,1
10075,1
13742,1
522,1
11990,1
15948,1
1098,1
4845,1
8667,1
7879,1
30539,0
10516,1
12923,1
3696,1
8450,1
30005,0
3518,1
9492,1
18315,0
20000,0
13889,1
607,1
13248,1
14830,1
20408,0
23671,0
15903,1
727,1
14087,1
25447,0
22084,0
2016,1
16579,0
10436,1
11904,1
10940,1
22807,0
28207,0
27026,0
5794,1
26267,0
24200,0
581,1
16250,0
3612,1
29538,0
27155,0
15916,1
7694,1
20096,0
26204,0
24295,0
11261,1
22411,0
27684,0
19994,0
17872,0
24185,0
9356,1
28659,0
3240,1
17347,0
12421,1
26354,0
3225,1
26545,0
29437,0
29005,0
26630,0
19090,0
22514,0
4042,1
13307,1
29307,0
16701,0
13916,1
11048,1
18469,0
26643,0
5319,1
1255,1
27965,0
18702,0
19583,0
29480,0
4126,1
10790,1
17633,0
6333,1
20942,0
25343,0
14794,1
2076,1
328,1
22052,0
14016,1
22457,0
24954,0
25023,0
20004,0
13858,1
9702,1
17781,0
19128,0
2123,1
27450,0
19836,0
1021,1
30152,0
25467,0
21088,0
21868,0
31758,0
18105,0
2152,1
4460,1
27276,0
4882,1
25065,0
7575,1
14311,1
20148,0
10616,1
5208,1
24495,0
10798,1
7419,1
5584,1
16186,0
28365,0
1028,1
4417,1
7321,1
19078,0
16430,0
29564,0
17097,0
4723,1
18578,0
17126,0
9553,1
31040,0
11537,1
22106,0
23373,0
15186,1
9655,1
22221,0
5480,1
30316,0
8059,1
7548,1
10485,1
6135,1
12398,1
9138,1
25504,0
15517,1
26883,0
26907,0
1453,1
2958,1
22257,0
12282,1
25332,0
30019,0
21928,0
27022,0
8130,1
3841,1
17426,0
6712,1
8864,1
16810,0
9493,1
25700,0
18484,0
15350,1
8655,1
12613,1
7398,1
11655,1
22155,0
8186,1
19645,0
5064,1
5977,1
27231,0
11826,1
11354,1
9418,1
20054,0
3147,1
2322,1
3180,1
25380,0
7061,1
16394,0
16778,0
17617,0
21796,0
26438,0
15977,1
22845,0
17327,0
2282,1
10321,1
25499,0
5910,1
2922,1
14,1
23641,0
3631,1
12493,1
5802,1
23596,0
25197,0
16058,0
16447,0
9139,1
14664,1
29013,0
27603,0
12107,1
29047,0
20184,0
20529,0
17919,0
13925,1
16170,0
5879,1
1610,1
21265,0
2402,1
23279,0
4064,1
16512,0
8742,1
1345,1
9505,1
21241,0
7858,1
9527,1
10039,1
4784,1
17654,0
26755,0
7168,1
17326,0
2492,1
29422,0
14877,1
10865,1
8665,1
14241,1
14620,1
28685,0
4854,1
9420,1
10346,1
3917,1
27394,0
10266,1
16897,0
12077,1
25333,0
8753,1
17542,0
30178,0
2957,1
27489,0
27781,0
7738,1
6682,1
31438,0
11936,1
13115,1
20862,0
5949,1
19922,0
24753,0
5363,1
4637,1
22112,0
16379,0
8722,1
20979,0
1412,1
5768,1
4598,1
3549,1
26887,0
860,1
8534,1
24988,0
15147,1
2780,1
15860,1
6272,1
16750,0
23816,0
11885,1
10183,1
10000,1
3390,1
232,1
2842,1
1275,1
8188,1
212,1
29097,0
4169,1
23753,0
21861,0
11946,1
21311,0
9657,1
24010,0
8204,1
21719,0
21372,0
17264,0
4579,1
14897,1
13171,1
17086,0
26494,0
19751,0
501,1
5551,1
17035,0
27983,0
7264,1
13553,1
31335,0
3836,1
9172,1
30489,0
16345,0
22494,0
16390,0
15661,1
31873,0
2573,1
18289,0
6974,1
29109,0
18197,0
21578,0
14750,1
21811,0
28851,0
25348,0
12116,1
7087,1
4201,1
22351,0
8202,1
13851,1
6937,1
18912,0
9951,1
11700,1
27597,0
7368,1
12017,1
27792,0
15703,1
21660,0
20367,0
18772,0
11872,1
15438,1
17844,0
23945,0
30087,0
22324,0
4935,1
26969,0
4636,1
12926,1
31546,0
12325,1
24090,0
29156,0
28752,0
26790,0
20,1
20608,0
28083,0
3069,1
24036,0
21907,0
5095,1
28232,0
1398,1
20145,0
24575,0
26243,0
19079,0
2521,1
7792,1
31655,0
14103,1
22771,0
29223,0
28733,0
22410,0
21310,0
16229,0
24306,0
18181,0
18775,0
31110,0
4602,1
28422,0
21721,0
13178,1
12999,1
21572,0
11618,1
22258,0
8461,1
15193,1
393,1
14258,1
23546,0
12722,1
8983,1
31256,0
20366,0
15357,1
16805,0
22925,0
18076,0
29041,0
9710,1
18788,0
31430,0
29918,0
16875,0
25211,0
24587,0
23175,0
26220,0
7899,1
7966,1
28640,0
5420,1
22473,0
17758,0
15007,1
19976,0
26750,0
16205,0
16992,0
6302,1
23057,0
8370,1
16112,0
25216,0
15349,1
5300,1
9344,1
25540,0
24907,0
29507,0
3919,1
23163,0
19484,0
12454,1
4835,1
23391,0
4810,1
18773,0
26606,0
5836,1
31663,0
4215,1
18435,0
7067,1
6227,1
22073,0
16630,0
13471,1
26698,0
18549,0
12383,1
24106,0
14496,1
30654,0
23761,0
1143,1
6288,1
11150,1
14298,1
27920,0
16079,0
13877,1
9909,1
9668,1
30303,0
19135,0
24879,0
23714,0
23199,0
25594,0
15791,1
6742,1
26815,0
31227,0
16787,0
13407,1
30940,0
7624,1
20629,0
22049,0
21945,0
16728,0
10371,1
9012,1
6353,1
9828,1
12038,1
10406,1
29493,0
19798,0
4887,1
24420,0
22151,0
15996,1
13403,1
21930,0
13848,1
21784,0
31092,0
29725,0
9520,1
23007,0
24944,0
12136,1
24386,0
3805,1
20167,0
13441,1
17047,0
25836,0
23859,0
21599,0
23247,0
23869,0
10329,1
5497,1
4464,1
11642,1
3773,1
30372,0
15379,1
29621,0
16681,0
5445,1
24259,0
19251,0
5088,1
9230,1
7024,1
14071,1
17970,0
24536,0
18543,0
4226,1
18792,0
16752,0
3474,1
7285,1
1201,1
11439,1
22097,0
10257,1
9238,1
5030,1
11463,1
1717,1
9788,1
30387,0
23623,0
708,1
9438,1
30980,0
29035,0
25146,0
231,1
9211,1
15803,1
24243,0
17475,0
5675,1
21921,0
25853,0
31914,0
21718,0
14562,1
6202,1
5774,1
25431,0
31513,0
26221,0
7701,1
11442,1
23195,0
29710,0
27804,0
22135,0
163,1
1154,1
4964,1
14935,1
24539,0
17177,0
120,1
28167,0
27567,0
26242,0
24293,0
25256,0
21644,0
6255,1
20077,0
5006,1
6144,1
8464,1
5446,1
28955,0
11735,1
30133,0
7114,1
21400,0
25475,0
18816,0
18410,0
7038,1
10177,1
5212,1
19331,0
9930,1
17372,0
11296,1
7382,1
18490,0
25554,0
20166,0
9798,1
12623,1
4349,1
5218,1
22379,0
18574,0
18183,0
2975,1
5705,1
8725,1
31958,0
10905,1
13583,1
14126,1
4192,1
27230,0
10795,1
10782,1
10896,1
30203,0
11706,1
1480,1
1017,1
19759,0
8778,1
9734,1
8536,1
4351,1
23809,0
11533,1
14968,1
14991,1
4390,1
9735,1
22920,0
3131,1
21266,0
893,1
21586,0
10440,1
19701,0
13168,1
9806,1
8116,1
30582,0
28218,0
15905,1
28277,0
1680,1
17278,0
28920,0
7657,1
19218,0
28426,0
4122,1
10141,1
348,1
4529,1
13529,1
24094,0
21416,0
13426,1
28361,0
26541,0
7703,1
421,1
5556,1
23283,0
16208,0
31981,0
3420,1
11247,1
21932,0
13766,1
27532,0
6594,1
12224,1
18034,0
29814,0
4615,1
20708,0
16586,0
16522,0
6555,1
23035,0
264,1
188,1
3473,1
29786,0
4282,1
18044,0
9426,1
26899,0
13250,1
20425,0
295,1
2836,1
23541,0
15151,1
16454,0
11540,1
28073,0
3053,1
5367,1
21761,0
27255,0
19676,0
16807,0
31744,0
7708,1
29902,0
16791,0
20633,0
29380,0
13335,1
1082,1
14666,1
6871,1
20383,0
11197,1
13150,1
17596,0
30275,0
15980,1
9743,1
16339,0
3500,1
438,1
5746,1
28396,0
24492,0
19588,0
26412,0
11622,1
16231,0
21548,0
25134,0
2207,1
17725,0
18686,0
19011,0
28712,0
26514,0
14134,1
19375,0
18008,0
6822,1
11041,1
22693,0
12928,1
28945,0
1388,1
3672,1
14143,1
11179,1
103,1
30124,0
6829,1
29637,0
25341,0
9417,1
10362,1
119,1
22916,0
28676,0
3891,1
17045,0
29932,0
16779,0
145,1
19077,0
13465,1
13521,1
24835,0
19376,0
19129,0
28627,0
3675,1
10202,1
17003,0
16736,0
13842,1
1867,1
10612,1
24771,0
20700,0
19776,0
31119,0
21615,0
1396,1
443,1
12123,1
9378,1
19345,0
22895,0
9865,1
19021,0
10803,1
2986,1
25933,0
10022,1
18673,0
27658,0
5253,1
26705,0
28573,0
428,1
19915,0
1645,1
1481,1
27387,0
31257,0
3694,1
25243,0
1714,1
3482,1
11351,1
551,1
17128,0
20274,0
23154,0
26071,0
17215,0
22746,0
27519,0
31044,0
21312,0
24031,0
14353,1
12766,1
4074,1
5796,1
7763,1
16607,0
27300,0
16895,0
20777,0
12912,1
2814,1
25868,0
29418,0
1814,1
24741,0
7074,1
31217,0
10814,1
19578,0
31459,0
20673,0
27877,0
14072,1
19781,0
19276,0
23765,0
9414,1
26130,0
30993,0
29954,0
26009,0
166,1
7424,1
5813,1
9838,1
10701,1
24780,0
22919,0
1940,1
1853,1
2651,1
2646,1
23852,0
14938,1
6700,1
18126,0
19817,0
15267,1
2458,1
30955,0
13846,1
26506,0
18662,0
9530,1
16998,0
30725,0
25336,0
9686,1
22629,0
18532,0
4491,1
11194,1
5427,1
30008,0
8659,1
8952,1
9195,1
28735,0
10368,1
11792,1
22137,0
2454,1
30796,0
7748,1
16744,0
16424,0
7999,1
16483,0
26099,0
15417,1
4898,1
31878,0
2290,1
1910,1
17564,0
31185,0
16055,0
1724,1
19402,0
8044,1
24622,0
8557,1
17002,0
19039,0
27916,0
6812,1
23099,0
25943,0
18632,0
23923,0
26776,0
21063,0
3609,1
27741,0
15519,1
14344,1
5183,1
2291,1
15861,1
7885,1
16743,0
22802,0
26468,0
7955,1
17402,0
29017,0
2540,1
18542,0
29227,0
30459,0
13118,1
29653,0
5940,1
22300,0
15552,1
23764,0
28613,0
3105,1
29832,0
7409,1
1314,1
13826,1
27839,0
29978,0
31790,0
3844,1
12755,1
27732,0
20028,0
11991,1
13053,1
13169,1
2030,1
18755,0
1689,1
3333,1
18638,0
28395,0
11509,1
31523,0
5812,1
21011,0
26692,0
5067,1
26045,0
29878,0
11475,1
6430,1
16660,0
13622,1
21656,0
18207,0
13790,1
26277,0
30512,0
18900,0
9113,1
11525,1
30860,0
8808,1
7221,1
16210,0
4975,1
24102,0
765,1
29229,0
6072,1
4283,1
20181,0
15814,1
22208,0
30137,0
15817,1
20457,0
14554,1
5085,1
25156,0
16814,0
389,1
3281,1
2811,1
7404,1
10825,1
9077,1
7836,1
3553,1
30032,0
24962,0
17794,0
27176,0
30983,0
21029,0
24561,0
4012,1
9570,1
6068,1
7771,1
1648,1
8783,1
11601,1
6526,1
18758,0
9714,1
7510,1
15625,1
20300,0
6282,1
5023,1
907,1
12492,1
11512,1
15486,1
22082,0
14148,1
15846,1
18366,0
27427,0
17084,0
18676,0
26178,0
13379,1
22716,0
15922,1
21679,0
10122,1
31382,0
7980,1
3934,1
24476,0
26222,0
13879,1
12548,1
16311,0
5508,1
11028,1
8504,1
7475,1
20865,0
31277,0
3466,1
21366,0
9693,1
613,1
18602,0
5440,1
6437,1
18906,0
20869,0
15653,1
8018,1
19925,0
25085,0
3116,1
16198,0
26368,0
281,1
11045,1
16066,0
31420,0
8246,1
1304,1
937,1
27321,0
18759,0
7245,1
20560,0
11648,1
25331,0
2010,1
31025,0
9771,1
22876,0
8345,1
9519,1
5389,1
25384,0
15454,1
623,1
31635,0
5137,1
19810,0
13108,1
775,1
31868,0
21536,0
17579,0
15492,1
12793,1
1989,1
12467,1
11100,1
21040,0
16919,0
9050,1
29701,0
1618,1
24043,0
27681,0
30272,0
10494,1
21741,0
21163,0
11093,1
26291,0
19778,0
20109,0
12195,1
6807,1
29466,0
22470,0
5731,1
9300,1
6010,1
9962,1
5028,1
5372,1
26992,0
38,1
7881,1
15235,1
15005,1
5563,1
30031,0
10103,1
26966,0
2864,1
2969,1
25760,0
26004,0
15149,1
15788,1
30783,0
12889,1
5117,1
24830,0
8395,1
17173,0
11070,1
8448,1
13314,1
7777,1
5424,1
28267,0
27064,0
19549,0
29383,0
30158,0
8596,1
22811,0
10315,1
9979,1
10499,1
14187,1
31104,0
22908,0
1261,1
14972,1
29798,0
11490,1
14555,1
17662,0
13227,1
4601,1
13654,1
7608,1
4319,1
404,1
15807,1
22608,0
3440,1
24174,0
2810,1
12877,1
8404,1
1747,1
8181,1
7483,1
14141,1
23874,0
19692,0
24682,0
11317,1
3393,1
26253,0
10758,1
10821,1
25229,0
28066,0
2126,1
7538,1
5531,1
19721,0
16455,0
28622,0
6624,1
30021,0
23766,0
31806,0
21566,0
4188,1
15687,1
20993,0
18872,0
12639,1
25350,0
28155,0
18745,0
22211,0
8847,1
12538,1
5025,1
3365,1
29496,0
2285,1
26892,0
26083,0
17678,0
8716,1
24454,0
23838,0
3817,1
6124,1
27984,0
2117,1
26288,0
8590,1
30003,0
23475,0
13798,1
17584,0
2506,1
21999,0
21211,0
23771,0
4663,1
197,1
16001,0
16402,0
25768,0
25514,0
17686,0
1496,1
9746,1
31586,0
3038,1
29003,0
18417,0
21476,0
8037,1
12898,1
27460,0
8925,1
23798,0
25654,0
28398,0
30843,0
7909,1
27675,0
908,1
1789,1
8342,1
10559,1
23570,0
17255,0
6659,1
10563,1
31860,0
13265,1
19221,0
22295,0
12085,1
13921,1
27819,0
24289,0
20928,0
19463,0
8346,1
20621,0
14336,1
15011,1
27571,0
2271,1
15824,1
20884,0
31437,0
4366,1
15951,1
16938,0
16904,0
26609,0
22986,0
13955,1
1963,1
13007,1
1281,1
23588,0
25178,0
16824,0
27662,0
11361,1
16135,0
15710,1
28643,0
23829,0
13767,1
9687,1
19367,0
27928,0
14611,1
23721,0
11855,1
1307,1
16788,0
18426,0
4574,1
25016,0
7026,1
30674,0
30259,0
13369,1
486,1
15416,1
7588,1
17934,0
31570,0
10536,1
31081,0
23844,0
5618,1
23609,0
31249,0
8235,1
10028,1
2670,1
17506,0
24275,0
21173,0
19187,0
9252,1
17702,0
19043,0
25652,0
6237,1
7766,1
2329,1
29783,0
6977,1
5672,1
323,1
27134,0
7262,1
11470,1
2584,1
26578,0
25203,0
17715,0
5387,1
17585,0
811,1
11951,1
30103,0
7357,1
6805,1
23730,0
22424,0
7867,1
2464,1
9062,1
2621,1
19239,0
23140,0
4576,1
30334,0
29202,0
13438,1
27178,0
11696,1
11104,1
21318,0
26511,0
13252,1
26247,0
16622,0
25450,0
2232,1
15694,1
19036,0
11892,1
4713,1
8807,1
16132,0
11589,1
4823,1
16733,0
738,1
10884,1
8935,1
10535,1
7895,1
15888,1
1721,1
25716,0
24609,0
11155,1
8946,1
16284,0
11743,1
26493,0
14005,1
2558,1
14169,1
3559,1
25247,0
27106,0
4525,1
3236,1
10245,1
29158,0
29129,0
24026,0
28663,0
835,1
14904,1
19019,0
25236,0
16616,0
22501,0
29127,0
22674,0
17496,0
27547,0
16600,0
19048,0
23013,0
9613,1
5167,1
11830,1
10294,1
28723,0
15777,1
18267,0
29721,0
5811,1
3829,1
24372,0
28788,0
18952,0
30538,0
1866,1
30996,0
6714,1
464,1
26689,0
20343,0
25077,0
27727,0
2251,1
3107,1
24395,0
6360,1
4373,1
13153,1
8615,1
29595,0
28210,0
9069,1
11838,1
4744,1
3047,1
21703,0
1810,1
18033,0
16059,0
12498,1
11761,1
8100,1
5907,1
31288,0
18748,0
15793,1
5474,1
17543,0
238,1
30020,0
27496,0
25165,0
23511,0
11947,1
22809,0
19897,0
22054,0
15515,1
15055,1
20988,0
8183,1
22030,0
23624,0
10305,1
27310,0
16331,0
4506,1
23456,0
5577,1
29516,0
24868,0
19770,0
24861,0
5102,1
742,1
7080,1
26146,0
10689,1
9582,1
29423,0
6586,1
26240,0
12458,1
27661,0
21734,0
17032,0
7775,1
3384,1
31590,0
2490,1
4877,1
25754,0
16279,0
27090,0
11097,1
17821,0
15293,1
14536,1
27057,0
3259,1
5950,1
534,1
2239,1
24499,0
21260,0
13131,1
14369,1
1908,1
11111,1
29289,0
30009,0
20041,0
24633,0
25781,0
23351,0
22043,0
2758,1
10548,1
17223,0
15254,1
7434,1
13874,1
17961,0
6820,1
596,1
2855,1
23713,0
25239,0
9822,1
29132,0
3049,1
1124,1
11748,1
18826,0
13120,1
14192,1
16340,0
24042,0
11923,1
4790,1
8968,1
22325,0
8471,1
8029,1
23630,0
1024,1
11295,1
8241,1
18545,0
12550,1
2790,1
23937,0
18124,0
9801,1
23794,0
15729,1
3257,1
25383,0
14350,1
30219,0
27964,0
20046,0
31613,0
7292,1
30918,0
11646,1
1750,1
26741,0
20124,0
18104,0
13947,1
28900,0
13538,1
9731,1
18087,0
6341,1
8661,1
22317,0
16048,0
10312,1
4461,1
31219,0
13089,1
16321,0
21335,0
2968,1
10596,1
17552,0
15049,1
29754,0
8985,1
21797,0
14946,1
3960,1
23293,0
7349,1
24253,0
546,1
971,1
28256,0
30458,0
28019,0
31927,0
4724,1
12013,1
11975,1
13054,1
13966,1
2597,1
20411,0
18075,0
5532,1
14876,1
7745,1
10023,1
16370,0
21360,0
31230,0
26505,0
20830,0
3344,1
4852,1
26055,0
23059,0
5681,1
10207,1
29036,0
21367,0
9662,1
25396,0
1925,1
25759,0
7517,1
18246,0
15342,1
25164,0
19604,0
24702,0
23502,0
21334,0
18817,0
6600,1
29208,0
5296,1
30026,0
11976,1
19275,0
8399,1
27949,0
22409,0
8811,1
13478,1
25425,0
30328,0
28830,0
13296,1
4324,1
9442,1
18374,0
15386,1
13355,1
4968,1
11373,1
17620,0
22937,0
18797,0
25507,0
11656,1
29903,0
13012,1
25223,0
15540,1
6396,1
31071,0
12695,1
30201,0
28072,0
12977,1
19767,0
27866,0
17321,0
3122,1
6626,1
11626,1
27707,0
13545,1
5411,1
14096,1
9454,1
30664,0
5341,1
30823,0
447,1
11072,1
27576,0
9982,1
9213,1
20908,0
6226,1
31050,0
24202,0
15808,1
7826,1
30000,0
8565,1
8756,1
14755,1
13402,1
14637,1
11079,1
20076,0
29536,0
29448,0
31088,0
3775,1
13990,1
23732,0
12373,1
15137,1
13321,1
8994,1
1731,1
6088,1
19472,0
6314,1
21509,0
16291,0
7216,1
10664,1
6900,1
2407,1
10047,1
24215,0
14566,1
6947,1
16735,0
27221,0
11582,1
24976,0
27432,0
23248,0
31863,0
17943,0
6022,1
20756,0
14951,1
30448,0
16852,0
20320,0
28268,0
13325,1
13886,1
2793,1
110,1
174,1
535,1
20676,0
15868,1
19274,0
14177,1
29415,0
31720,0
27607,0
10643,1
12646,1
30265,0
8588,1
22781,0
2228,1
23930,0
2393,1
6502,1
19369,0
1615,1
30753,0
26150,0
28057,0
14266,1
6059,1
10374,1
28120,0
3097,1
1302,1
26357,0
23326,0
18589,0
28153,0
6195,1
27015,0
18128,0
15770,1
4486,1
862,1
3707,1
26145,0
3611,1
11793,1
30300,0
27353,0
18340,0
18990,0
29162,0
14112,1
25366,0
14036,1
19258,0
651,1
20834,0
23550,0
21444,0
14585,1
24850,0
31890,0
24392,0
25009,0
4741,1
9386,1
17450,0
7176,1
20189,0
25131,0
23024,0
19839,0
14779,1
11513,1
24526,0
9787,1
1483,1
3149,1
17546,0
14683,1
28170,0
5198,1
18832,0
21139,0
5226,1
8359,1
15539,1
21096,0
4970,1
27001,0
24448,0
12102,1
25737,0
14481,1
17241,0
16247,0
30422,0
4121,1
24238,0
26550,0
15603,1
15502,1
30424,0
15008,1
30418,0
24725,0
17260,0
774,1
30110,0
28975,0
14990,1
18324,0
7648,1
16353,0
27210,0
30870,0
27780,0
26261,0
28888,0
29206,0
3135,1
5590,1
13506,1
23974,0
23872,0
10520,1
7756,1
23451,0
31673,0
24583,0
24884,0
29612,0
29896,0
22666,0
12607,1
12514,1
4300,1
4457,1
25234,0
25912,0
26975,0
1959,1
5055,1
29028,0
16610,0
6884,1
19789,0
1827,1
6069,1
17094,0
12185,1
31347,0
3055,1
31376,0
16552,0
21020,0
8654,1
12570,1
2193,1
19995,0
15599,1
22483,0
1706,1
10869,1
12557,1
14550,1
12491,1
5083,1
1958,1
8194,1
22034,0
1014,1
5385,1
24135,0
31652,0
13323,1
4050,1
16641,0
14437,1
5053,1
25898,0
26706,0
29171,0
7477,1
20664,0
18837,0
31889,0
30748,0
13297,1
15867,1
31161,0
6405,1
13075,1
6930,1
2004,1
22932,0
23206,0
173,1
24416,0
15560,1
1801,1
25639,0
1976,1
1621,1
27598,0
13081,1
10139,1
7142,1
5809,1
28503,0
1205,1
12433,1
27253,0
4219,1
12380,1
26749,0
28924,0
26743,0
26153,0
20159,0
22374,0
12824,1
16717,0
19808,0
21694,0
199,1
18190,0
12456,1
11366,1
25299,0
17559,0
18464,0
21403,0
29039,0
31521,0
31194,0
7653,1
17741,0
15016,1
9261,1
11344,1
30515,0
31216,0
20613,0
16594,0
7832,1
6643,1
461,1
5374,1
25424,0
14976,1
14476,1
14670,1
24309,0
22376,0
14477,1
31861,0
5859,1
19464,0
3309,1
30283,0
10397,1
25536,0
7865,1
30281,0
3890,1
13935,1
19269,0
18963,0
7700,1
10291,1
27122,0
25548,0
22737,0
31392,0
19332,0
15723,1
5506,1
14378,1
19076,0
943,1
20556,0
3821,1
30235,0
24652,0
19865,0
31442,0
8616,1
11645,1
30798,0
22392,0
7578,1
27032,0
11379,1
19880,0
15647,1
25874,0
15070,1
20371,0
25531,0
23901,0
27696,0
6428,1
27256,0
18680,0
20052,0
31211,0
904,1
27109,0
18292,0
20031,0
17185,0
13845,1
8242,1
25632,0
30216,0
20804,0
16649,0
27081,0
21092,0
24008,0
8455,1
19822,0
31292,0
18384,0
23876,0
27719,0
28262,0
4812,1
26525,0
17197,0
8669,1
3120,1
23832,0
4871,1
16270,0
11080,1
23598,0
4099,1
1846,1
12821,1
18514,0
24810,0
8711,1
8641,1
11273,1
25255,0
3357,1
21544,0
14188,1
9432,1
2923,1
13574,1
14823,1
18434,0
13278,1
24423,0
13435,1
27120,0
6239,1
597,1
19820,0
16463,0
8028,1
20211,0
894,1
16826,0
11430,1
12997,1
10432,1
29166,0
22416,0
9395,1
23113,0
10989,1
13235,1
14492,1
3842,1
18,1
1865,1
21261,0
3634,1
20669,0
31874,0
881,1
30262,0
29385,0
20370,0
25479,0
7991,1
27739,0
12842,1
21136,0
4049,1
27466,0
11523,1
26077,0
1705,1
28214,0
26297,0
23886,0
10163,1
30599,0
22833,0
14059,1
11724,1
1316,1
14431,1
31765,0
3825,1
19312,0
15212,1
11397,1
29658,0
27335,0
933,1
4176,1
11588,1
895,1
20685,0
15787,1
30091,0
24351,0
12202,1
26737,0
9464,1
28741,0
10707,1
30910,0
9366,1
8543,1
14601,1
23961,0
5022,1
6292,1
2547,1
13003,1
2999,1
28890,0
28506,0
25805,0
22527,0
8943,1
10132,1
29916,0
3679,1
23139,0
26370,0
9514,1
29370,0
29869,0
20573,0
31500,0
14993,1
13434,1
1408,1
7699,1
30382,0
2363,1
7343,1
18880,0
12209,1
6587,1
16253,0
22428,0
20644,0
26319,0
4394,1
20152,0
31533,0
14970,1
784,1
12883,1
4032,1
19754,0
21522,0
4829,1
29195,0
10370,1
22936,0
29147,0
27091,0
4284,1
4250,1
22345,0
16153,0
24287,0
9459,1
25406,0
20595,0
27969,0
13224,1
6979,1
30714,0
1262,1
17646,0
25347,0
5888,1
4639,1
19511,0
11069,1
22571,0
31263,0
22819,0
19712,0
3684,1
1764,1
22823,0
19782,0
12934,1
30510,0
27838,0
2255,1
25852,0
2216,1
13427,1
27801,0
5909,1
5594,1
28006,0
31869,0
2075,1
18010,0
20501,0
22432,0
18926,0
26295,0
23509,0
15067,1
16647,0
29647,0
30333,0
19406,0
28947,0
21253,0
524,1
14873,1
28867,0
815,1
11237,1
17964,0
29055,0
25451,0
25192,0
22679,0
30715,0
25059,0
12522,1
4684,1
8804,1
16374,0
26041,0
14922,1
22313,0
16177,0
16416,0
30496,0
3504,1
10521,1
21754,0
5798,1
13226,1
28177,0
20047,0
23854,0
26713,0
507,1
8895,1
10142,1
28463,0
4085,1
1068,1
28205,0
13756,1
6276,1
21502,0
2018,1
26259,0
24175,0
29335,0
15847,1
21594,0
16271,0
2044,1
28022,0
16304,0
17571,0
29187,0
30604,0
27315,0
10027,1
6830,1
30651,0
15226,1
5293,1
7455,1
20084,0
21803,0
27709,0
31705,0
30437,0
31557,0
22874,0
16539,0
25988,0
16422,0
8460,1
15318,1
892,1
8191,1
27169,0
21837,0
11367,1
19765,0
31980,0
322,1
3364,1
15566,1
30989,0
25598,0
20832,0
13023,1
8794,1
215,1
18934,0
13267,1
1712,1
28483,0
26189,0
18708,0
14635,1
17054,0
28822,0
24480,0
11901,1
13880,1
31042,0
20082,0
20021,0
17251,0
16293,0
14511,1
20548,0
12792,1
21964,0
14975,1
1447,1
15181,1
627,1
15338,1
13518,1
6798,1
31573,0
26774,0
3127,1
12308,1
1172,1
19091,0
4937,1
25262,0
10373,1
24908,0
10928,1
4370,1
20007,0
15132,1
10423,1
3670,1
19750,0
31505,0
10977,1
80,1
30165,0
9400,1
6142,1
6894,1
27455,0
6768,1
36,1
19519,0
22153,0
28096,0
29251,0
23618,0
28486,0
3242,1
21213,0
342,1
1115,1
12563,1
29146,0
27174,0
5066,1
16484,0
27079,0
5899,1
2902,1
1063,1
5271,1
27332,0
25607,0
17600,0
1987,1
30336,0
24681,0
4236,1
6285,1
19684,0
23514,0
18180,0
17888,0
6759,1
26441,0
7665,1
5315,1
28457,0
4429,1
30992,0
16075,0
23360,0
19830,0
3738,1
4381,1
1395,1
23562,0
30739,0
10646,1
11530,1
6787,1
4514,1
20809,0
24484,0
7133,1
18002,0
1914,1
19947,0
27009,0
12262,1
17236,0
18915,0
11362,1
5665,1
25523,0
29176,0
6166,1
27565,0
9448,1
18568,0
19715,0
15921,1
25354,0
4245,1
1221,1
23292,0
29469,0
24777,0
29899,0
16426,0
3779,1
28645,0
7406,1
19633,0
10636,1
8467,1
1523,1
6773,1
29411,0
18179,0
24225,0
24039,0
8365,1
10019,1
5878,1
20492,0
16216,0
6546,1
12365,1
1749,1
29677,0
12032,1
27152,0
17034,0
3430,1
11970,1
17657,0
18291,0
27733,0
7312,1
27745,0
29328,0
29714,0
30827,0
23131,0
10281,1
17709,0
8466,1
554,1
23121,0
28623,0
11458,1
22640,0
15692,1
18438,0
8575,1
18092,0
13103,1
26664,0
11806,1
5166,1
28999,0
22613,0
22634,0
22485,0
19441,0
18800,0
6422,1
8597,1
14841,1
13672,1
11002,1
12412,1
8123,1
2539,1
3658,1
31727,0
20125,0
6551,1
8777,1
14068,1
24893,0
21300,0
14535,1
11479,1
16722,0
28585,0
15935,1
324,1
31035,0
18325,0
26186,0
23222,0
6674,1
28142,0
18284,0
27722,0
18066,0
15282,1
20881,0
6788,1
14370,1
29133,0
21247,0
24738,0
7902,1
4641,1
5626,1
14316,1
19358,0
8407,1
30127,0
924,1
2061,1
2515,1
19978,0
14216,1
17040,0
26910,0
10987,1
19029,0
12727,1
17079,0
8124,1
538,1
6595,1
13046,1
8330,1
6011,1
24271,0
18849,0
3744,1
22602,0
20519,0
15882,1
11251,1
12654,1
11202,1
3942,1
11630,1
28784,0
18679,0
9287,1
17898,0
28880,0
24747,0
3529,1
23122,0
31671,0
2213,1
10060,1
5157,1
1182,1
29799,0
16151,0
29791,0
11926,1
4967,1
10378,1
31584,0
21823,0
28248,0
9557,1
18669,0
28116,0
7392,1
9245,1
20864,0
27976,0
1545,1
31475,0
17669,0
20550,0
27587,0
839,1
17482,0
12497,1
26696,0
26920,0
27971,0
30077,0
31902,0
14186,1
25489,0
19962,0
13593,1
9372,1
5104,1
27453,0
7187,1
10663,1
18050,0
11891,1
9485,1
29414,0
28228,0
31079,0
3495,1
13978,1
9878,1
25125,0
13513,1
5637,1
7660,1
28425,0
20085,0
618,1
15975,1
27151,0
9680,1
4230,1
24056,0
14516,1
8314,1
23110,0
9956,1
26778,0
1726,1
24555,0
9380,1
25704,0
24044,0
22651,0
8379,1
19860,0
3467,1
29794,0
12193,1
23993,0
12141,1
27942,0
26116,0
26212,0
25592,0
3029,1
29323,0
527,1
18810,0
26915,0
24252,0
19112,0
17131,0
31580,0
17708,0
11593,1
18838,0
29795,0
9189,1
15510,1
6852,1
6865,1
4869,1
17727,0
5477,1
2915,1
30675,0
31560,0
31653,0
30763,0
9329,1
23988,0
947,1
2974,1
3822,1
26504,0
15390,1
4259,1
21008,0
31822,0
24244,0
27845,0
29603,0
12820,1
21156,0
17459,0
18461,0
21605,0
23349,0
2530,1
28509,0
2567,1
19891,0
20732,0
28039,0
31644,0
5886,1
23889,0
19637,0
18433,0
25888,0
23072,0
26329,0
13586,1
18172,0
3428,1
14501,1
20721,0
7954,1
29644,0
22356,0
8803,1
28124,0
6514,1
29626,0
4911,1
23929,0
30736,0
28827,0
22266,0
2382,1
26717,0
18550,0
7256,1
28454,0
18097,0
3372,1
14773,1
4717,1
9510,1
4565,1
6348,1
29475,0
11659,1
20269,0
20347,0
9009,1
12895,1
28357,0
20728,0
7210,1
21692,0
29020,0
22069,0
30606,0
418,1
2410,1
10937,1
30771,0
6863,1
6711,1
27775,0
14244,1
9010,1
20185,0
10513,1
28010,0
20402,0
15289,1
422,1
4661,1
3570,1
3530,1
6043,1
23111,0
20470,0
5891,1
11446,1
29875,0
29439,0
19579,0
7288,1
30268,0
21201,0
24082,0
26118,0
22107,0
24646,0
20758,0
26391,0
15896,1
3971,1
21745,0
27568,0
26693,0
30337,0
12724,1
28823,0
20642,0
7388,1
22013,0
23770,0
31712,0
25483,0
343,1
12624,1
10102,1
15115,1
2161,1
5111,1
20081,0
12324,1
15939,1
26304,0
21004,0
25098,0
13231,1
19083,0
5972,1
18397,0
14306,1
18526,0
29748,0
15755,1
3746,1
7056,1
8517,1
20231,0
15012,1
22826,0
17314,0
18587,0
16354,0
12214,1
11236,1
20397,0
29622,0
2602,1
2706,1
31524,0
9740,1
8618,1
9827,1
24237,0
25190,0
25967,0
4183,1
18646,0
18907,0
8764,1
15348,1
26527,0
15858,1
19882,0
3896,1
22612,0
17744,0
19119,0
22676,0
5961,1
31369,0
15570,1
19908,0
6954,1
8164,1
18459,0
2477,1
21081,0
4090,1
15819,1
4837,1
28001,0
3575,1
7205,1
27993,0
19489,0
3211,1
31297,0
4860,1
27074,0
22225,0
31558,0
7023,1
7750,1
30540,0
7126,1
26792,0
23803,0
8668,1
16688,0
23117,0
12328,1
23469,0
29582,0
12809,1
26125,0
17359,0
6614,1
6767,1
8679,1
23299,0
18919,0
9302,1
30857,0
13094,1
2118,1
16597,0
10412,1
8513,1
19873,0
23064,0
3444,1
7723,1
27167,0
18723,0
21857,0
9663,1
22142,0
17325,0
4360,1
22396,0
29261,0
5718,1
21752,0
9803,1
9059,1
21169,0
23837,0
28740,0
30108,0
14342,1
9317,1
16199,0
21730,0
20243,0
24697,0
30494,0
4918,1
29929,0
5335,1
28767,0
17069,0
31484,0
23103,0
17925,0
29854,0
2985,1
15428,1
27874,0
2305,1
13564,1
2611,1
8875,1
4590,1
1599,1
10802,1
30722,0
21275,0
1425,1
6242,1
28027,0
24506,0
14582,1
28673,0
29566,0
27665,0
1294,1
16988,0
30131,0
15120,1
15202,1
24730,0
7303,1
13246,1
25250,0
20723,0
27947,0
28299,0
444,1
4015,1
29373,0
21294,0
16661,0
16184,0
17153,0
11325,1
720,1
13422,1
18955,0
15587,1
14754,1
19210,0
21144,0
27181,0
24653,0
31626,0
9297,1
30480,0
23866,0
4781,1
26132,0
28303,0
21058,0
10006,1
26500,0
8487,1
9737,1
18554,0
7363,1
18967,0
21172,0
16405,0
17976,0
16494,0
26272,0
13078,1
18423,0
23327,0
13008,1
4582,1
30630,0
31148,0
1420,1
3953,1
13333,1
25137,0
26700,0
11109,1
23162,0
6912,1
7009,1
1519,1
18373,0
6530,1
23712,0
30709,0
5244,1
16749,0
13017,1
502,1
14767,1
21079,0
31199,0
27990,0
17401,0
25738,0
28514,0
28302,0
29941,0
15556,1
23464,0
21924,0
9017,1
15064,1
25721,0
19309,0
22357,0
21635,0
10441,1
14250,1
23343,0
14859,1
3733,1
29,1
10985,1
28440,0
10629,1
6727,1
28101,0
10757,1
686,1
26338,0
22987,0
25001,0
21809,0
18859,0
20482,0
7442,1
17765,0
30946,0
9561,1
7931,1
4523,1
25445,0
2089,1
24750,0
22730,0
1534,1
8036,1
20139,0
28123,0
26056,0
30942,0
21801,0
24296,0
9929,1
26610,0
15725,1
14509,1
729,1
30908,0
9648,1
15914,1
3615,1
4225,1
22055,0
8453,1
11949,1
30517,0
28048,0
26586,0
21622,0
1158,1
11303,1
9946,1
14433,1
30620,0
12796,1
31342,0
6523,1
347,1
28108,0
7467,1
12481,1
19114,0
31439,0
18711,0
15257,1
18995,0
4715,1
26880,0
8608,1
25448,0
28208,0
16169,0
20253,0
26726,0
4671,1
27524,0
24488,0
9942,1
25615,0
9961,1
12778,1
13896,1
21296,0
7740,1
26014,0
18887,0
4928,1
24676,0
8853,1
768,1
17009,0
7082,1
24493,0
28054,0
5080,1
25492,0
1651,1
19950,0
11352,1
4488,1
30070,0
16679,0
23348,0
31929,0
8506,1
21229,0
4857,1
5429,1
21723,0
24197,0
10911,1
5745,1
14462,1
29033,0
14033,1
26613,0
10428,1
5674,1
9758,1
3152,1
19028,0
23093,0
12799,1
20420,0
16703,0
30787,0
20456,0
2226,1
20377,0
5460,1
8201,1
763,1
23077,0
15131,1
6145,1
19410,0
28278,0
14426,1
27811,0
13904,1
4697,1
19814,0
16943,0
9336,1
6113,1
13152,1
14340,1
4527,1
24291,0
27131,0
268,1
6609,1
28786,0
21473,0
8902,1
25930,0
17178,0
12970,1
6303,1
21111,0
18513,0
15229,1
352,1
29834,0
2009,1
10706,1
26984,0
2071,1
28127,0
20143,0
20319,0
19812,0
629,1
5991,1
29192,0
1554,1
26971,0
3304,1
23701,0
11491,1
248,1
30455,0
8312,1
9433,1
18822,0
14940,1
15487,1
20562,0
13546,1
15105,1
7938,1
28031,0
5249,1
25961,0
25529,0
2020,1
20483,0
5786,1
6565,1
24150,0
11993,1
1505,1
3588,1
26999,0
21944,0
7051,1
31928,0
23413,0
16296,0
14129,1
7632,1
16561,0
12836,1
11877,1
27297,0
8363,1
17828,0
3176,1
22458,0
13714,1
29364,0
10496,1
13287,1
30012,0
29270,0
3721,1
30685,0
28189,0
29062,0
14084,1
23915,0
5223,1
1208,1
20668,0
24465,0
31517,0
27243,0
1564,1
18393,0
8934,1
22630,0
31388,0
13052,1
14190,1
30016,0
31782,0
14920,1
29102,0
30542,0
2303,1
13217,1
14740,1
1939,1
31122,0
16401,0
20520,0
31237,0
24432,0
13384,1
7041,1
15104,1
25090,0
2883,1
2569,1
22659,0
12572,1
29351,0
15484,1
30964,0
24839,0
24132,0
29412,0
9456,1
10166,1
9717,1
24737,0
2854,1
9592,1
9078,1
30037,0
21465,0
2171,1
14043,1
20083,0
4436,1
14707,1
20329,0
29425,0
31746,0
14329,1
7687,1
16635,0
17052,0
8570,1
30872,0
13711,1
9239,1
24625,0
22466,0
9428,1
14907,1
2164,1
1718,1
15532,1
4145,1
5304,1
27671,0
22715,0
2763,1
1112,1
7276,1
3400,1
31332,0
26085,0
5738,1
29512,0
3054,1
28069,0
25688,0
10089,1
28526,0
26839,0
27170,0
5987,1
7579,1
8896,1
23039,0
14299,1
7045,1
29888,0
29737,0
3510,1
18290,0
10723,1
3145,1
31399,0
19823,0
21514,0
3468,1
17214,0
3287,1
10557,1
15355,1
11968,1
26840,0
12662,1
9292,1
24666,0
11195,1
20961,0
19278,0
26769,0
21221,0
29836,0
5631,1
25393,0
12040,1
9170,1
12201,1
17443,0
18716,0
30161,0
15402,1
13145,1
18985,0
7856,1
29825,0
22982,0
27493,0
14705,1
24322,0
14318,1
27664,0
15594,1
5027,1
5439,1
13854,1
4005,1
5520,1
3843,1
8691,1
19971,0
19655,0
24494,0
31528,0
25297,0
14236,1
4365,1
8888,1
22029,0
21225,0
11168,1
10119,1
22760,0
15924,1
10297,1
3416,1
23379,0
14347,1
16408,0
14678,1
18463,0
196,1
19120,0
4561,1
26983,0
24922,0
19813,0
17610,0
5262,1
12559,1
5345,1
1919,1
21897,0
4780,1
20309,0
11059,1
24821,0
8910,1
7131,1
15375,1
16346,0
31615,0
8068,1
14054,1
22033,0
8532,1
8136,1
5753,1
1619,1
84,1
26934,0
3324,1
2529,1
22822,0
10497,1
14622,1
14474,1
15974,1
7163,1
19310,0
30433,0
14275,1
23020,0
31206,0
18851,0
6650,1
24704,0
10890,1
6356,1
17572,0
15547,1
14865,1
21508,0
3771,1
6094,1
25408,0
24443,0
6848,1
16775,0
8244,1
9920,1
15688,1
11868,1
26986,0
6443,1
12770,1
13595,1
1094,1
12913,1
31353,0
4371,1
7242,1
23104,0
14466,1
16550,0
24242,0
27620,0
15194,1
9470,1
29424,0
29957,0
29910,0
25168,0
25257,0
31136,0
22570,0
30388,0
27900,0
28891,0
14853,1
26517,0
16344,0
29548,0
17076,0
30307,0
13177,1
28621,0
29928,0
31419,0
21074,0
10064,1
16377,0
13393,1
11649,1
21710,0
15383,1
5771,1
20384,0
926,1
29050,0
4889,1
8297,1
21217,0
6938,1
5454,1
11617,1
3903,1
2693,1
3181,1
680,1
18917,0
1445,1
23404,0
17456,0
25155,0
2359,1
12671,1
6761,1
25486,0
24678,0
319,1
3804,1
7947,1
31707,0
21713,0
4023,1
21244,0
25515,0
17798,0
28995,0
9063,1
19127,0
4248,1
1825,1
20590,0
23585,0
1234,1
14140,1
6476,1
25004,0
24885,0
16078,0
17575,0
3547,1
27830,0
28597,0
16178,0
18535,0
24028,0
12673,1
22642,0
2028,1
12983,1
6696,1
26374,0
30835,0
1374,1
26941,0
6038,1
10792,1
15645,1
29343,0
4885,1
21307,0
14761,1
14908,1
3458,1
26380,0
22224,0
23728,0
30311,0
19613,0
11056,1
13795,1
2311,1
9752,1
15585,1
12326,1
3323,1
28289,0
4984,1
12606,1
31415,0
2851,1
26167,0
10014,1
28530,0
17832,0
12746,1
6557,1
14228,1
16397,0
18258,0
30322,0
11695,1
16259,0
22988,0
20528,0
9167,1
11785,1
24294,0
14221,1
17420,0
2607,1
11376,1
9656,1
28825,0
15210,1
28437,0
3740,1
28971,0
18333,0
30762,0
2270,1
12361,1
5678,1
14183,1
25916,0
13922,1
16987,0
21766,0
5737,1
4055,1
28472,0
13999,1
31893,0
11477,1
18675,0
15636,1
25414,0
19030,0
7827,1
13149,1
17766,0
16525,0
29299,0
11524,1
29729,0
9689,1
19287,0
8805,1
25426,0
2173,1
27112,0
28634,0
5587,1
31990,0
15741,1
12300,1
18811,0
8292,1
18902,0
27037,0
13181,1
20980,0
3680,1
29474,0
13160,1
19408,0
28117,0
13597,1
22755,0
11186,1
8133,1
19586,0
30342,0
31957,0
10904,1
24819,0
28196,0
21607,0
1380,1
22871,0
2461,1
9476,1
6434,1
19522,0
8531,1
11017,1
15134,1
10570,1
1506,1
6052,1
8485,1
31208,0
26129,0
15468,1
16764,0
1630,1
13523,1
9188,1
20038,0
19811,0
54,1
29209,0
23067,0
5953,1
21689,0
15595,1
2815,1
15389,1
8196,1
10703,1
2108,1
24733,0
15766,1
30855,0
30584,0
857,1
25590,0
20176,0
13047,1
2538,1
1239,1
9924,1
12419,1
6678,1
2119,1
24732,0
189,1
4740,1
21816,0
19400,0
1688,1
645,1
30413,0
7199,1
27158,0
28360,0
4198,1
4091,1
9125,1
26147,0
23972,0
13350,1
26976,0
12660,1
8200,1
20916,0
13719,1
26799,0
11044,1
88,1
17077,0
25237,0
8961,1
18304,0
16517,0
14338,1
1330,1
24889,0
20428,0
2026,1
14644,1
26185,0
19499,0
17883,0
16893,0
23878,0
211,1
22688,0
3550,1
2917,1
7707,1
23436,0
28672,0
6703,1
18306,0
5352,1
30028,0
26667,0
8966,1
28405,0
26645,0
28722,0
8912,1
29447,0
28418,0
18586,0
8624,1
5941,1
2754,1
13143,1
6596,1
30551,0
24541,0
30879,0
16369,0
23957,0
16014,0
123,1
9957,1
21786,0
22997,0
2838,1
11169,1
23941,0
1812,1
4613,1
13522,1
28664,0
28963,0
28981,0
2110,1
5553,1
26826,0
12652,1
30761,0
25254,0
28856,0
10512,1
16578,0
31756,0
2508,1
15889,1
18278,0
31985,0
27393,0
2544,1
27439,0
4938,1
24382,0
9984,1
17258,0
31425,0
1612,1
12099,1
28011,0
24199,0
15821,1
7509,1
25568,0
2408,1
2822,1
21589,0
11668,1
22335,0
15973,1
28371,0
17000,0
9768,1
26568,0
24424,0
22526,0
31156,0
12339,1
25532,0
17877,0
6012,1
7998,1
21802,0
7319,1
29426,0
27925,0
18699,0
22545,0
20691,0
28484,0
16644,0
14475,1
1502,1
25067,0
30153,0
13129,1
12289,1
11461,1
5336,1
8863,1
372,1
20444,0
16224,0
11740,1
27833,0
27289,0
13455,1
12740,1
16709,0
24118,0
31738,0
6014,1
3104,1
5248,1
31747,0
28904,0
28059,0
5142,1
21854,0
4228,1
31359,0
23841,0
26874,0
11220,1
12465,1
31427,0
4261,1
16910,0
30042,0
5003,1
23338,0
25339,0
17965,0
96,1
26314,0
19649,0
8578,1
30447,0
8089,1
24401,0
20042,0
3545,1
20848,0
274,1
9963,1
2426,1
14060,1
936,1
18741,0
21051,0
2783,1
18408,0
13151,1
29523,0
30177,0
26560,0
4010,1
11958,1
12561,1
9851,1
11810,1
9503,1
14021,1
2545,1
6466,1
29861,0
31068,0
4689,1
19387,0
26,1
6639,1
16530,0
558,1
106,1
13401,1
31034,0
5020,1
19631,0
26134,0
9599,1
12318,1
13537,1
13694,1
16103,0
15059,1
23973,0
13006,1
9313,1
26008,0
26938,0
11772,1
5612,1
12881,1
12785,1
4412,1
11980,1
12636,1
1441,1
7627,1
16956,0
2994,1
5140,1
5549,1
15617,1
963,1
19671,0
26522,0
26555,0
3188,1
12698,1
15176,1
4872,1
30493,0
2858,1
6778,1
21023,0
1004,1
28380,0
5915,1
8335,1
3755,1
24726,0
3991,1
2034,1
24166,0
22150,0
1961,1
29046,0
16435,0
9791,1
9994,1
14786,1
24468,0
26536,0
752,1
23050,0
24188,0
1048,1
24790,0
12189,1
17532,0
10422,1
9487,1
6093,1
5877,1
25221,0
29809,0
3447,1
25806,0
7399,1
10617,1
31897,0
30601,0
11413,1
540,1
20332,0
21437,0
23678,0
26627,0
15630,1
21647,0
28580,0
17740,0
24414,0
5143,1
5595,1
25572,0
12757,1
9854,1
7346,1
13748,1
23792,0
7852,1
8681,1
22911,0
6326,1
18198,0
26036,0
13957,1
13528,1
30701,0
10801,1
20576,0
11895,1
1635,1
10624,1
23269,0
16853,0
9550,1
26390,0
1839,1
9748,1
1,1
25692,0
18869,0
19572,0
4267,1
26772,0
20544,0
8699,1
2890,1
1479,1
8294,1
11760,1
12159,1
426,1
31809,0
22038,0
13462,1
27372,0
5114,1
10381,1
23153,0
12157,1
10971,1
10852,1
29440,0
852,1
11570,1
8239,1
7773,1
15285,1
11679,1
19413,0
14463,1
10244,1
8210,1
16087,0
3022,1
11621,1
4391,1
26923,0
8882,1
10273,1
7513,1
23043,0
11279,1
2555,1
13136,1
4493,1
21942,0
25994,0
31852,0
16332,0
11765,1
27566,0
21554,0
26563,0
30858,0
18443,0
12565,1
29550,0
21351,0
8915,1
27905,0
826,1
7886,1
10171,1
21330,0
5944,1
1469,1
28742,0
2098,1
25538,0
12244,1
31158,0
121,1
7551,1
16139,0
31009,0
31645,0
162,1
31112,0
9410,1
21286,0
25158,0
24523,0
29139,0
18734,0
30973,0
19197,0
30656,0
11049,1
6298,1
594,1
5962,1
15581,1
8000,1
11120,1
31657,0
17112,0
7180,1
16372,0
4859,1
1553,1
15631,1
8195,1
25100,0
22880,0
22901,0
2856,1
17996,0
24916,0
7429,1
18391,0
31771,0
21659,0
22577,0
14373,1
26680,0
26991,0
19872,0
28744,0
13349,1
20506,0
20783,0
22419,0
18879,0
31433,0
22601,0
21771,0
17724,0
19327,0
22923,0
9750,1
25596,0
8574,1
728,1
14402,1
29940,0
10768,1
28533,0
13114,1
17386,0
4105,1
8053,1
27215,0
22102,0
206,1
2628,1
8132,1
4542,1
2993,1
11063,1
26607,0
22204,0
4116,1
19065,0
11577,1
19231,0
10357,1
21958,0
18505,0
17105,0
16823,0
21772,0
1673,1
26921,0
20683,0
9385,1
18330,0
23190,0
7733,1
1243,1
3930,1
18593,0
23468,0
6800,1
25180,0
18114,0
29510,0
26625,0
30338,0
24187,0
1640,1
16348,0
26908,0
23891,0
2187,1
1977,1
15871,1
31690,0
22239,0
15017,1
23126,0
23527,0
24578,0
28348,0
847,1
31080,0
27622,0
26124,0
6453,1
16218,0
6139,1
20956,0
18355,0
30271,0
7697,1
30944,0
11641,1
29264,0
21798,0
3963,1
30207,0
26933,0
30890,0
8129,1
22796,0
28276,0
14117,1
2335,1
12010,1
25206,0
5797,1
22888,0
13850,1
26571,0
18931,0
13439,1
25458,0
20586,0
22632,0
1144,1
19805,0
12422,1
15754,1
14613,1
21863,0
11142,1
876,1
31328,0
28499,0
14530,1
18046,0
25661,0
4848,1
26595,0
11943,1
15562,1
17760,0
11466,1
28636,0
14763,1
4776,1
23780,0
12776,1
31134,0
3952,1
10893,1
9829,1
13863,1
18317,0
31838,0
13064,1
21675,0
28236,0
14742,1
7920,1
21836,0
19731,0
29592,0
11880,1
15992,1
23645,0
16113,0
7433,1
26053,0
11238,1
29620,0
30528,0
20361,0
24155,0
20448,0
30831,0
5673,1
10282,1
87,1
17521,0
18474,0
19315,0
3507,1
20504,0
20680,0
4430,1
10024,1
4446,1
24752,0
2113,1
23636,0
28548,0
19418,0
29389,0
14247,1
2803,1
22614,0
30186,0
7507,1
16485,0
31212,0
16868,0
12614,1
15112,1
24843,0
25096,0
17848,0
28886,0
8147,1
29472,0
25340,0
20163,0
15933,1
21782,0
9360,1
13569,1
29348,0
22179,0
23999,0
26611,0
19709,0
5041,1
2488,1
8102,1
27544,0
3568,1
12663,1
20561,0
5478,1
15557,1
6001,1
4940,1
29690,0
29895,0
1857,1
30970,0
4635,1
25676,0
17997,0
9120,1
12850,1
545,1
20394,0
16617,0
17387,0
16821,0
13275,1
18546,0
5846,1
6235,1
1269,1
21814,0
127,1
1655,1
6485,1
7247,1
30100,0
2132,1
26196,0
15312,1
1421,1
14681,1
4597,1
25287,0
5331,1
31894,0
11293,1
31077,0
27927,0
16751,0
21314,0
8414,1
6216,1
11873,1
2719,1
22793,0
13247,1
6628,1
26695,0
26142,0
2697,1
18229,0
13327,1
11680,1
14881,1
5207,1
21922,0
3099,1
1003,1
18156,0
10280,1
11823,1
31662,0
3627,1
17926,0
25981,0
9334,1
26888,0
5369,1
16829,0
28917,0
4612,1
14999,1
472,1
976,1
9817,1
2703,1
5634,1
3018,1
23470,0
25996,0
6791,1
3404,1
30462,0
29153,0
6147,1
28312,0
3465,1
8971,1
22635,0
2565,1
20831,0
26214,0
12765,1
3386,1
10704,1
14726,1
5313,1
28681,0
16093,0
21587,0
29271,0
6823,1
8548,1
18318,0
17113,0
22497,0
18215,0
31005,0
18692,0
26752,0
22723,0
19910,0
8908,1
6210,1
27640,0
7412,1
928,1
5761,1
28901,0
11676,1
16846,0
25020,0
28475,0
8809,1
21155,0
30537,0
3894,1
31168,0
4206,1
30361,0
5927,1
4589,1
10356,1
4646,1
15575,1
30255,0
7014,1
29591,0
6268,1
16138,0
29981,0
3398,1
6140,1
15304,1
14168,1
20198,0
17616,0
14544,1
30365,0
2489,1
11794,1
8964,1
997,1
102,1
4526,1
19803,0
1313,1
7410,1
2661,1
21927,0
3044,1
338,1
26311,0
5401,1
11260,1
9499,1
25310,0
12418,1
11638,1
13208,1
27652,0
12693,1
21410,0
12849,1
1802,1
25228,0
22599,0
28323,0
5458,1
7987,1
19540,0
1722,1
4719,1
14843,1
27506,0
5585,1
8979,1
20487,0
30354,0
19185,0
13917,1
18298,0
23296,0
12583,1
3791,1
30716,0
28186,0
31612,0
25623,0
3911,1
28231,0
23489,0
24707,0
29167,0
5719,1
9849,1
3234,1
16054,0
11688,1
23041,0
26656,0
16542,0
11526,1
6015,1
24515,0
13090,1
5547,1
12482,1
17975,0
14900,1
31684,0
2481,1
9416,1
21998,0
3009,1
29339,0
27591,0
22308,0
10184,1
14494,1
6054,1
27191,0
26608,0
30752,0
8258,1
19130,0
22167,0
12523,1
1192,1
982,1
29140,0
7576,1
27224,0
6208,1
8175,1
27767,0
920,1
18127,0
4342,1
27685,0
27410,0
20660,0
744,1
1093,1
26090,0
6184,1
24644,0
4714,1
14730,1
30821,0
5272,1
12861,1
25295,0
20345,0
4312,1
3878,1
228,1
16621,0
8849,1
4084,1
22886,0
31094,0
19118,0
30832,0
21785,0
30650,0
6588,1
20755,0
3354,1
17252,0
8843,1
25182,0
4129,1
2936,1
14073,1
30508,0
1543,1
7952,1
17519,0
6137,1
2317,1
19469,0
29827,0
17259,0
11024,1
25995,0
20478,0
20923,0
13620,1
14138,1
13468,1
1562,1
15485,1
31698,0
30586,0
6771,1
6853,1
1117,1
28706,0
16899,0
27168,0
18501,0
30139,0
28225,0
22772,0
5810,1
22247,0
20297,0
7238,1
15189,1
30971,0
23656,0
24083,0
13617,1
26785,0
20794,0
30926,0
31324,0
31315,0
6350,1
4140,1
29602,0
30306,0
1937,1
22114,0
11510,1
2149,1
25651,0
30925,0
16162,0
20817,0
6869,1
29570,0
7287,1
10410,1
15033,1
29265,0
17531,0
1488,1
27911,0
14587,1
21394,0
31151,0
24133,0
7006,1
29822,0
16433,0
3573,1
11992,1
13498,1
3737,1
6035,1
20744,0
15084,1
2221,1
18959,0
21685,0
25727,0
17358,0
23074,0
30976,0
19771,0
10115,1
19640,0
15875,1
6957,1
16776,0
19634,0
12714,1
25462,0
962,1
7474,1
20598,0
24964,0
25277,0
23411,0
11984,1
29094,0
17433,0
11687,1
28698,0
17540,0
17383,0
30154,0
6115,1
16877,0
23762,0
29787,0
26158,0
17274,0
3546,1
30939,0
24302,0
15187,1
30640,0
27172,0
58,1
8901,1
22017,0
21419,0
8622,1
14414,1
22884,0
9379,1
4423,1
28936,0
13140,1
11005,1
10165,1
12893,1
345,1
5650,1
22991,0
6680,1
15044,1
28617,0
4348,1
21760,0
25837,0
7508,1
13309,1
28109,0
6818,1
23839,0
8322,1
13611,1
476,1
12681,1
31106,0
20301,0
23743,0
15388,1
8255,1
5347,1
648,1
30981,0
25503,0
7808,1
27784,0
29056,0
2588,1
10031,1
21348,0
12904,1
17085,0
113,1
18683,0
25884,0
30417,0
25694,0
27458,0
6026,1
20893,0
555,1
16115,0
16892,0
3361,1
29325,0
22096,0
1355,1
27223,0
10909,1
30294,0
28799,0
27774,0
4563,1
16487,0
11348,1
21044,0
21955,0
17341,0
14027,1
1169,1
1181,1
30368,0
26557,0
15270,1
22743,0
24159,0
10040,1
20280,0
18402,0
8617,1
10888,1
26216,0
19889,0
18497,0
541,1
170,1
14851,1
20103,0
11560,1
7322,1
26086,0
21762,0
21218,0
26897,0
20646,0
25713,0
2562,1
7166,1
28877,0
20622,0
19618,0
8331,1
27634,0
16686,0
31574,0
10691,1
7086,1
7137,1
5151,1
31338,0
31325,0
31064,0
9186,1
8277,1
9390,1
7207,1
17573,0
180,1
5622,1
1602,1
17242,0
2109,1
17503,0
2998,1
21545,0
4376,1
23568,0
2587,1
25815,0
6880,1
21744,0
4595,1
4690,1
17399,0
5171,1
23505,0
29318,0
8443,1
20614,0
12292,1
13015,1
28456,0
12145,1
28264,0
2462,1
13124,1
9597,1
1195,1
8152,1
29070,0
8178,1
17656,0
6762,1
26038,0
29184,0
6721,1
13543,1
11073,1
30737,0
23508,0
28680,0
1140,1
2323,1
15475,1
23350,0
7953,1
26177,0
27913,0
9389,1
13342,1
5120,1
10584,1
4171,1
10503,1
12327,1
29287,0
4567,1
19051,0
24972,0
11532,1
27404,0
20843,0
29404,0
16392,0
9254,1
31377,0
12568,1
2411,1
237,1
17147,0
4292,1
31620,0
7614,1
25187,0
1338,1
1366,1
28871,0
11730,1
3050,1
20204,0
17001,0
30237,0
25637,0
16602,0
13373,1
9207,1
20797,0
28552,0
21376,0
14108,1
21426,0
15001,1
23367,0
7427,1
11710,1
16559,0
23948,0
30024,0
17057,0
27449,0
17840,0
30408,0
29765,0
25390,0
26658,0
4769,1
13716,1
10341,1
4151,1
30666,0
8251,1
29310,0
12874,1
808,1
15392,1
589,1
7094,1
9542,1
8378,1
9681,1
9640,1
29949,0
13207,1
12113,1
22161,0
31296,0
11734,1
6157,1
30553,0
20115,0
10225,1
1206,1
29065,0
7157,1
2422,1
31140,0
1053,1
3511,1
24831,0
480,1
17922,0
11508,1
8418,1
2097,1
24206,0
13304,1
20310,0
27816,0
25843,0
21564,0
3371,1
31144,0
29780,0
14480,1
30118,0
11282,1
28238,0
23187,0
16905,0
2272,1
28660,0
7916,1
22174,0
28885,0
14215,1
27988,0
4712,1
13930,1
23374,0
10414,1
3782,1
4999,1
31799,0
3205,1
288,1
6005,1
30296,0
27046,0
5773,1
13424,1
30453,0
9670,1
6299,1
17298,0
21451,0
30881,0
27998,0
9603,1
9309,1
15185,1
4503,1
11643,1
802,1
5852,1
761,1
15473,1
13902,1
22115,0
12743,1
20572,0
16376,0
13894,1
17174,0
6294,1
2101,1
24581,0
23612,0
18368,0
16745,0
23986,0
29670,0
13132,1
17556,0
3689,1
19541,0
18444,0
15897,1
12865,1
27472,0
19835,0
31234,0
2403,1
13717,1
6632,1
21577,0
30953,0
3589,1
11259,1
22622,0
14062,1
13345,1
26458,0
20350,0
6889,1
16360,0
17169,0
20507,0
14642,1
4435,1
26075,0
6414,1
25613,0
11599,1
19854,0
3469,1
24388,0
13357,1
2130,1
24698,0
7008,1
31113,0
4814,1
21168,0
7582,1
8561,1
10873,1
25958,0
29024,0
5621,1
12736,1
5388,1
16134,0
1876,1
10556,1
7673,1
11474,1
4699,1
12219,1
7680,1
11731,1
28560,0
26270,0
1036,1
8769,1
17982,0
22166,0
22322,0
9506,1
6323,1
19284,0
27982,0
1138,1
9780,1
14419,1
11639,1
26970,0
28379,0
18027,0
7855,1
12479,1
18874,0
5616,1
4060,1
19457,0
3933,1
20899,0
21800,0
20283,0
30051,0
7926,1
1690,1
29828,0
17730,0
10667,1
24671,0
18947,0
8249,1
6708,1
13119,1
17706,0
16972,0
18269,0
14268,1
710,1
10955,1
22851,0
12762,1
3498,1
12160,1
9370,1
25838,0
30927,0
20584,0
26989,0
20563,0
30524,0
3439,1
20325,0
31581,0
1464,1
15326,1
16206,0
9776,1
17020,0
1541,1
1735,1
14315,1
16217,0
15998,1
13786,1
20008,0
29283,0
15964,1
7543,1
14932,1
19726,0
3906,1
31421,0
22390,0
5550,1
24333,0
19985,0
4495,1
13077,1
20169,0
11598,1
26104,0
7796,1
27628,0
4182,1
24433,0
28962,0
1969,1
8933,1
31900,0
14819,1
813,1
23741,0
20509,0
14282,1
15477,1
27850,0
148,1
21114,0
13722,1
28807,0
13176,1
23302,0
2987,1
19725,0
4517,1
23675,0
30575,0
12706,1
31218,0
6809,1
22006,0
26982,0
28929,0
27214,0
5456,1
30780,0
26491,0
28436,0
8832,1
1170,1
18143,0
10409,1
226,1
16232,0
10724,1
19593,0
17053,0
27771,0
20690,0
219,1
25972,0
18225,0
27785,0
11485,1
28879,0
10195,1
20224,0
16795,0
7945,1
23781,0
22259,0
707,1
29118,0
2671,1
14080,1
16592,0
16577,0
29542,0
19766,0
13540,1
388,1
25407,0
18909,0
14098,1
13799,1
14130,1
8434,1
27706,0
19643,0
24096,0
14364,1
22042,0
12431,1
24808,0
24208,0
9698,1
9729,1
13998,1
21677,0
28590,0
5971,1
3113,1
29344,0
6200,1
17611,0
8422,1
20016,0
17544,0
3617,1
15371,1
16954,0
22329,0
1918,1
17150,0
31261,0
7415,1
8193,1
5015,1
5470,1
27616,0
2991,1
18116,0
1532,1
12083,1
14483,1
25440,0
3663,1
22563,0
6508,1
13273,1
8897,1
20056,0
24509,0
2128,1
30619,0
27285,0
1509,1
16585,0
19708,0
10856,1
27239,0
12689,1
6527,1
6435,1
10127,1
2199,1
6403,1
2716,1
15361,1
21705,0
20800,0
13194,1
10613,1
17151,0
869,1
11798,1
15900,1
8429,1
23143,0
27193,0
27872,0
23913,0
9722,1
19144,0
7869,1
13338,1
27846,0
23086,0
7450,1
10702,1
28349,0
17064,0
29877,0
23250,0
24205,0
16421,0
9155,1
18897,0
18868,0
19122,0
13069,1
2694,1
7039,1
15430,1
3940,1
7562,1
2668,1
14979,1
39,1
31511,0
8413,1
10994,1
15077,1
26722,0
6888,1
19926,0
9922,1
7408,1
5826,1
10598,1
11164,1
26241,0
20455,0
24300,0
2799,1
22968,0
19554,0
6352,1
19,1
2626,1
15246,1
14947,1
30363,0
28544,0
29263,0
16563,0
24127,0
26831,0
5893,1
18538,0
20093,0
4515,1
13793,1
25444,0
17013,0
14180,1
23880,0
27574,0
11813,1
837,1
17687,0
4068,1
22435,0
14919,1
10903,1
5036,1
20786,0
9394,1
18261,0
5938,1
6090,1
4998,1
6736,1
26929,0
2997,1
5579,1
23307,0
20505,0
9500,1
28677,0
23835,0
20747,0
20847,0
9148,1
27028,0
26293,0
12171,1
19740,0
26275,0
24115,0
3262,1
15143,1
31854,0
17340,0
21086,0
252,1
8951,1
31272,0
30710,0
6458,1
21250,0
21959,0
8332,1
19495,0
31871,0
19451,0
5782,1
13475,1
11447,1
29462,0
3851,1
6953,1
29349,0
18740,0
24913,0
18465,0
15578,1
13144,1
9376,1
24172,0
15418,1
13814,1
12140,1
28,1
5179,1
7759,1
7932,1
11275,1
22165,0
5419,1
18196,0
24288,0
15750,1
8293,1
28568,0
14871,1
19098,0
27325,0
30591,0
8592,1
760,1
24068,0
22764,0
615,1
25267,0
27477,0
14818,1
26498,0
21240,0
17809,0
25756,0
25118,0
23697,0
28965,0
26238,0
26559,0
17369,0
28563,0
27562,0
9382,1
12786,1
15781,1
11886,1
10642,1
19257,0
15242,1
30374,0
14158,1
12534,1
2845,1
14565,1
17146,0
7907,1
13983,1
26673,0
28052,0
29442,0
10396,1
23065,0
6339,1
10997,1
14800,1
26030,0
887,1
34,1
28148,0
12701,1
2383,1
25404,0
9940,1
4906,1
5090,1
21474,0
9364,1
5108,1
4453,1
18095,0
26479,0
29688,0
1058,1
5168,1
17060,0
2050,1
952,1
14722,1
18770,0
31595,0
4080,1
13504,1
30240,0
28535,0
9719,1
11234,1
582,1
9127,1
6300,1
11773,1
31537,0
17630,0
31166,0
10467,1
1484,1
15567,1
17535,0
14621,1
26457,0
7975,1
3075,1
19110,0
25657,0
15969,1
12121,1
24050,0
18601,0
8475,1
11272,1
6418,1
3436,1
1631,1
27849,0
18063,0
25820,0
9449,1
10542,1
26452,0
19542,0
25268,0
385,1
31843,0
9772,1
22978,0
16473,0
24091,0
5173,1
1292,1
22285,0
18389,0
26518,0
22388,0
12819,1
9534,1
16090,0
12790,1
10001,1
28701,0
10880,1
7911,1
15351,1
1924,1
31173,0
29993,0
1898,1
12603,1
29588,0
13788,1
13803,1
30877,0
6607,1
14093,1
10456,1
30817,0
30176,0
6866,1
7769,1
31099,0
27020,0
12183,1
3102,1
24081,0
2768,1
3628,1
23053,0
138,1
4353,1
5671,1
25670,0
6110,1
21994,0
29222,0
15249,1
23526,0
11055,1
25518,0
7656,1
6064,1
28151,0
23767,0
4184,1
21352,0
22413,0
18243,0
28603,0
24363,0
1372,1
8715,1
22560,0
18721,0
28700,0
15712,1
22415,0
21822,0
30614,0
23243,0
17665,0
18507,0
23513,0
3409,1
9004,1
28280,0
13585,1
23958,0
20237,0
17458,0
8581,1
29220,0
1676,1
20570,0
12217,1
2029,1
14950,1
5493,1
2913,1
7302,1
30841,0
10742,1
392,1
13483,1
11684,1
8815,1
9581,1
30383,0
23029,0
9738,1
15362,1
17720,0
15173,1
1528,1
26492,0
10293,1
30712,0
26174,0
8539,1
7636,1
7128,1
3644,1
13261,1
17011,0
3666,1
28106,0
301,1
30429,0
4372,1
5869,1
5246,1
26958,0
7741,1
4687,1
3015,1
31579,0
31831,0
2294,1
16888,0
41,1
25410,0
24765,0
10278,1
11906,1
8371,1
15774,1
24878,0
7850,1
11551,1
9816,1
17306,0
22198,0
28922,0
1766,1
7762,1
21338,0
4304,1
27488,0
7537,1
20106,0
17635,0
25013,0
3461,1
12302,1
30049,0
17370,0
10514,1
12319,1
21520,0
8351,1
9486,1
4674,1
27755,0
19501,0
6520,1
20611,0
18796,0
20284,0
30402,0
18794,0
14490,1
18069,0
25859,0
21129,0
19988,0
7425,1
27778,0
9608,1
8091,1
8396,1
19906,0
28146,0
745,1
15150,1
10227,1
5305,1
6598,1
26710,0
30464,0
20836,0
22450,0
23578,0
1149,1
28543,0
21666,0
18086,0
2698,1
9832,1
3719,1
4316,1
16241,0
31343,0
22438,0
31100,0
7751,1
30830,0
2505,1
14064,1
19993,0
22689,0
31797,0
9565,1
1041,1
30181,0
30696,0
20234,0
16534,0
7226,1
25512,0
30605,0
22318,0
13385,1
3543,1
397,1
24270,0
31945,0
5496,1
19391,0
10056,1
23638,0
10231,1
28382,0
25092,0
7458,1
26596,0
18908,0
18108,0
28237,0
17851,0
24290,0
22286,0
3924,1
17129,0
4996,1
4131,1
24781,0
13192,1
31783,0
18829,0
22814,0
22685,0
605,1
30577,0
6802,1
20655,0
19215,0
16446,0
29137,0
28703,0
12424,1
7854,1
5828,1
20173,0
8208,1
8906,1
17026,0
22893,0
17477,0
30428,0
27656,0
8922,1
16007,0
20547,0
14957,1
20464,0
28118,0
16242,0
18441,0
16514,0
21739,0
20012,0
15790,1
15441,1
2625,1
22443,0
17722,0
19896,0
23558,0
4726,1
8006,1
28273,0
30192,0
3121,1
25411,0
20937,0
27206,0
31754,0
20359,0
10659,1
18570,0
9023,1
30624,0
26476,0
20823,0
15698,1
14862,1
7896,1
22798,0
28491,0
1974,1
23426,0
26972,0
31434,0
26683,0
24978,0
20910,0
12580,1
25325,0
31336,0
16784,0
15130,1
19524,0
922,1
29915,0
25119,0
26306,0
19196,0
17168,0
28453,0
15179,1
29433,0
10375,1
17622,0
12478,1
29646,0
12386,1
30149,0
14464,1
28817,0
7353,1
7286,1
13577,1
29073,0
22618,0
25322,0
28739,0
14945,1
18732,0
13316,1
15378,1
9947,1
5361,1
31785,0
22694,0
21686,0
19912,0
22873,0
19182,0
21232,0
5855,1
7197,1
14895,1
10325,1
29476,0
25308,0
30357,0
3241,1
26963,0
20458,0
15384,1
27084,0
24866,0
15433,1
8799,1
4150,1
31728,0
9225,1
7997,1
17152,0
31664,0
14488,1
25709,0
16163,0
24240,0
13967,1
12768,1
18427,0
20070,0
11031,1
23567,0
30856,0
2571,1
26044,0
21181,0
12341,1
17790,0
257,1
13584,1
15335,1
12284,1
27411,0
1458,1
22183,0
18123,0
29955,0
2427,1
15746,1
4303,1
24827,0
13107,1
25143,0
25880,0
10012,1
10749,1
26834,0
22664,0
30997,0
22210,0
23201,0
5346,1
28235,0
26886,0
11209,1
17467,0
10348,1
25429,0
19587,0
17653,0
1861,1
28707,0
22864,0
21466,0
1900,1
15403,1
28893,0
26027,0
14196,1
13797,1
8454,1
10975,1
15940,1
10188,1
2346,1
12369,1
20936,0
30770,0
11077,1
3293,1
15087,1
7193,1
24849,0
5713,1
20846,0
9199,1
29632,0
19611,0
787,1
4605,1
21191,0
17478,0
12593,1
31235,0
24349,0
18386,0
218,1
21876,0
29995,0
23804,0
30828,0
28296,0
30208,0
31231,0
25710,0
20044,0
29295,0
2594,1
2470,1
31017,0
19335,0
23003,0
14201,1
26121,0
21097,0
786,1
22733,0
24794,0
3705,1
14337,1
1035,1
16423,0
28554,0
25432,0
14571,1
9807,1
11898,1
25920,0
10444,1
16398,0
14321,1
10367,1
10577,1
13969,1
26543,0
3599,1
16883,0
21846,0
9002,1
517,1
24112,0
12241,1
11122,1
18131,0
15881,1
10154,1
28992,0
16710,0
17972,0
3199,1
28619,0
1118,1
18392,0
4474,1
30384,0
19790,0
17513,0
26180,0
11751,1
9268,1
18725,0
12180,1
1932,1
4625,1
12395,1
6981,1
13727,1
29944,0
18170,0
2209,1
20151,0
4254,1
2784,1
31373,0
10751,1
4158,1
10134,1
27957,0
17956,0
16519,0
13187,1
23311,0
675,1
28092,0
14368,1
6079,1
21534,0
18234,0
20776,0
23363,0
26278,0
10770,1
1466,1
25559,0
20785,0
13989,1
23052,0
26080,0
2287,1
493,1
4163,1
3079,1
13849,1
1077,1
17366,0
11339,1
17514,0
28834,0
19438,0
2354,1
16760,0
13835,1
4507,1
29112,0
26766,0
792,1
20001,0
9639,1
7629,1
20647,0
2233,1
12830,1
8546,1
16763,0
4309,1
5178,1
3370,1
13158,1
12616,1
15785,1
31988,0
18577,0
28990,0
20931,0
8653,1
25770,0
22015,0
31097,0
12509,1
14510,1
16088,0
22748,0
3774,1
11205,1
7825,1
18627,0
12288,1
27557,0
29891,0
5092,1
18275,0
22103,0
24757,0
29326,0
28979,0
9877,1
4913,1
12354,1
8431,1
22276,0
7068,1
6296,1
16843,0
9014,1
29979,0
19827,0
5155,1
4743,1
12285,1
3190,1
10709,1
25276,0
27041,0
4789,1
27130,0
4773,1
6018,1
27326,0
4125,1
454,1
22177,0
6982,1
25298,0
23330,0
15564,1
21290,0
4416,1
11727,1
9992,1
1854,1
27073,0
15657,1
29120,0
28408,0
13105,1
30426,0
7958,1
19853,0
6928,1
13606,1
25505,0
10907,1
13183,1
21333,0
23276,0
11151,1
27953,0
1023,1
25682,0
24332,0
5862,1
29660,0
25513,0
10910,1
22856,0
22169,0
25698,0
21984,0
13608,1
21881,0
5489,1
16551,0
12884,1
26659,0
25783,0
95,1
9032,1
11799,1
6397,1
21850,0
12172,1
26087,0
7062,1
30891,0
650,1
24213,0
21962,0
17389,0
6706,1
28200,0
31904,0
24589,0
3338,1
11329,1
18886,0
3895,1
12731,1
1933,1
9243,1
25932,0
20114,0
11136,1
14625,1
20973,0
4686,1
19236,0
14967,1
10815,1
16436,0
3327,1
30878,0
10416,1
28805,0
30746,0
18145,0
2551,1
16084,0
25375,0
16012,0
17061,0
9006,1
1804,1
26675,0
30669,0
17951,0
10920,1
11801,1
13264,1
24342,0
31061,0
9887,1
3056,1
20873,0
23372,0
5024,1
18968,0
23692,0
31898,0
26470,0
12814,1
12961,1
27669,0
8495,1
1474,1
1945,1
18365,0
10345,1
18494,0
24027,0
8969,1
6106,1
5951,1
6338,1
11919,1
29145,0
24284,0
27327,0
15474,1
6506,1
2885,1
30972,0
13941,1
15762,1
2480,1
25767,0
29761,0
21113,0
29236,0
10774,1
7413,1
8683,1
28869,0
30922,0
8973,1
5641,1
2536,1
24384,0
25477,0
13056,1
7872,1
5410,1
11322,1
12700,1
15263,1
15434,1
25398,0
21503,0
23927,0
10562,1
28933,0
14259,1
6968,1
24658,0
10447,1
14386,1
6042,1
3151,1
12989,1
20850,0
9044,1
15728,1
25638,0
3212,1
13310,1
23485,0
9899,1
6904,1
21109,0
19620,0
31407,0
17918,0
16334,0
9671,1
28976,0
14257,1
2888,1
23819,0
15936,1
10522,1
2800,1
16191,0
7695,1
31531,0
9128,1
19737,0
31360,0
3810,1
31681,0
17789,0
11345,1
6003,1
11488,1
3340,1
10845,1
9445,1
8376,1
24066,0
26977,0
19615,0
27111,0
28903,0
21851,0
28388,0
29297,0
427,1
9711,1
8947,1
10081,1
18506,0
762,1
24400,0
25530,0
16650,0
29230,0
773,1
4301,1
4543,1
24856,0
362,1
14040,1
15869,1
5187,1
18695,0
24955,0
23806,0
30315,0
23745,0
20659,0
293,1
4751,1
11240,1
23863,0
15778,1
9022,1
21271,0
12003,1
17238,0
23882,0
12210,1
18852,0
17960,0
30952,0
19840,0
16486,0
23232,0
7802,1
23557,0
16469,0
16993,0
10953,1
3486,1
30043,0
22321,0
18113,0
29205,0
21883,0
4238,1
8913,1
12287,1
24460,0
951,1
28837,0
7313,1
18281,0
1674,1
13843,1
4418,1
1530,1
23286,0
8478,1
25335,0
2739,1
16462,0
16957,0
2786,1
30525,0
18948,0
9331,1
8097,1
4088,1
28978,0
28772,0
5914,1
12779,1
1270,1
13869,1
6695,1
15311,1
13339,1
3178,1
22598,0
20220,0
7573,1
3450,1
2307,1
30565,0
22645,0
3690,1
26684,0
10459,1
8318,1
15886,1
26760,0
10489,1
19448,0
30076,0
16481,0
5750,1
3078,1
12957,1
19779,0
18006,0
17599,0
5864,1
28085,0
19623,0
1153,1
26447,0
20966,0
30703,0
27798,0
7337,1
143,1
25913,0
31593,0
6109,1
14128,1
16793,0
5538,1
12508,1
23987,0
25644,0
25582,0
18037,0
2581,1
15534,1
18706,0
23254,0
27723,0
29188,0
6547,1
26296,0
22929,0
7964,1
19178,0
25005,0
171,1
13632,1
8230,1
29736,0
24245,0
6552,1
18981,0
31356,0
20717,0
285,1
15828,1
15323,1
1847,1
31160,0
10780,1
371,1
10925,1
31903,0
3464,1
15758,1
31244,0
598,1
12177,1
27599,0
15023,1
9766,1
15775,1
23194,0
19599,0
11489,1
11071,1
7893,1
13789,1
30833,0
19641,0
17049,0
29618,0
30657,0
30243,0
2211,1
7422,1
13362,1
4298,1
217,1
724,1
3904,1
9435,1
28974,0
29284,0
27069,0
7651,1
10148,1
15917,1
9114,1
4981,1
16273,0
27107,0
7208,1
11416,1
1287,1
28342,0
6500,1
26394,0
22433,0
7644,1
21887,0
18205,0
24177,0
14388,1
4114,1
8929,1
14717,1
15666,1
26233,0
23450,0
2420,1
16461,0
23549,0
22145,0
27484,0
30380,0
14928,1
14551,1
14531,1
18691,0
9074,1
30231,0
6859,1
25473,0
8939,1
6722,1
30886,0
8660,1
6819,1
15623,1
31752,0
17679,0
10054,1
2549,1
15573,1
20521,0
21380,0
21982,0
3098,1
25189,0
30864,0
17376,0
13576,1
27805,0
4007,1
1495,1
4456,1
11800,1
15413,1
15072,1
26286,0
27351,0
4104,1
23670,0
22904,0
20826,0
25109,0
67,1
5240,1
13134,1
29921,0
16581,0
5141,1
7592,1
22220,0
17331,0
29159,0
25865,0
26103,0
14135,1
20888,0
24933,0
12149,1
16908,0
6518,1
12060,1
8600,1
18344,0
8259,1
14762,1
17931,0
18263,0
12612,1
24888,0
16674,0
878,1
25790,0
2788,1
22439,0
25791,0
18738,0
6034,1
31961,0
20240,0
23898,0
16898,0
15913,1
7243,1
25179,0
6373,1
31466,0
12169,1
25466,0
30082,0
24338,0
6718,1
26490,0
23534,0
10477,1
12959,1
14598,1
13938,1
24912,0
18056,0
7099,1
17735,0
16070,0
19170,0
6248,1
25789,0
3052,1
20279,0
12529,1
21966,0
20722,0
28441,0
15650,1
10199,1
15091,1
26201,0
20964,0
10486,1
31641,0
12882,1
26728,0
25896,0
10823,1
30773,0
4813,1
27184,0
26616,0
31150,0
31795,0
11499,1
18173,0
358,1
13419,1
23676,0
20136,0
25481,0
17148,0
10854,1
5848,1
28093,0
4891,1
17703,0
11624,1
17074,0
8286,1
7395,1
15527,1
26446,0
13881,1
25446,0
24746,0
27378,0
3975,1
31847,0
27663,0
30743,0
7326,1
9269,1
25053,0
11825,1
24634,0
22240,0
24419,0
15968,1
13501,1
11358,1
17403,0
26633,0
4478,1
2933,1
9100,1
25959,0
27726,0
1653,1
12119,1
31931,0
20939,0
15727,1
22288,0
20518,0
18992,0
25525,0
19629,0
5250,1
28212,0
30658,0
20352,0
1367,1
18100,0
6225,1
31306,0
15648,1
14953,1
11865,1
8150,1
26257,0
10149,1
7797,1
30056,0
31154,0
19398,0
5396,1
27666,0
13653,1
3548,1
7940,1
8687,1
23467,0
9404,1
309,1
8398,1
23270,0
5880,1
5739,1
20281,0
22745,0
28734,0
30273,0
29772,0
8806,1
30581,0
3437,1
9786,1
9784,1
26372,0
22972,0
23019,0
31965,0
15605,1
23335,0
13020,1
25974,0
20193,0
6152,1
31840,0
30121,0
18611,0
23834,0
6723,1
22935,0
16173,0
23280,0
5468,1
8508,1
21242,0
24838,0
1593,1
30416,0
25628,0
31240,0
5762,1
30880,0
28570,0
28266,0
11450,1
6917,1
9343,1
14471,1
29529,0
21343,0
11909,1
16488,0
28485,0
18363,0
20971,0
29534,0
17769,0
20987,0
4809,1
27677,0
25550,0
17962,0
13048,1
8310,1
29244,0
16411,0
7027,1
11907,1
4851,1
12474,1
13579,1
20698,0
23476,0
27323,0
17518,0
12855,1
24025,0
8940,1
7071,1
1546,1
24072,0
22896,0
16472,0
14783,1
2691,1
16427,0
7873,1
9707,1
30404,0
2601,1
1299,1
29443,0
6244,1
23908,0
31410,0
6212,1
23402,0
14102,1
9304,1
6363,1
30706,0
28050,0
7300,1
12090,1
2610,1
29519,0
27802,0
16569,0
7559,1
6383,1
31188,0
7939,1
8074,1
25893,0
21792,0
27910,0
18685,0
6833,1
26031,0
12269,1
7643,1
3943,1
27560,0
18739,0
27500,0
848,1
14831,1
30395,0
4907,1
13277,1
29400,0
20662,0
12414,1
11308,1
16077,0
28644,0
17344,0
8080,1
13074,1
19183,0
5031,1
15845,1
27700,0
23025,0
31702,0
28318,0
2248,1
19283,0
5487,1
31490,0
23955,0
3752,1
28793,0
24855,0
18541,0
2624,1
14270,1
4827,1
30409,0
9632,1
21946,0
22080,0
12521,1
27558,0
31329,0
13821,1
17167,0
1415,1
9222,1
13378,1
6994,1
18776,0
17117,0
30850,0
22228,0
15251,1
25647,0
10574,1
14334,1
9642,1
3484,1
8267,1
25044,0
17941,0
3243,1
29946,0
30889,0
24134,0
1300,1
20874,0
3726,1
22589,0
2084,1
18370,0
22380,0
2774,1
24639,0
22383,0
513,1
5930,1
3711,1
8841,1
21280,0
5425,1
9676,1
29499,0
4263,1
28813,0
13706,1
18803,0
4924,1
23601,0
14410,1
18854,0
1748,1
16854,0
2473,1
28013,0
1622,1
25330,0
28944,0
31824,0
31290,0
6734,1
4038,1
12340,1
6840,1
7528,1
4285,1
31473,0
18277,0
4019,1
19952,0
1449,1
29214,0
6158,1
25680,0
1191,1
5578,1
13558,1
28614,0
11766,1
15476,1
2645,1
29617,0
19931,0
9398,1
2024,1
2163,1
18620,0
6832,1
12449,1
27932,0
7217,1
28828,0
19395,0
3509,1
14812,1
8406,1
3100,1
20650,0
5103,1
590,1
9019,1
9987,1
17397,0
4834,1
9697,1
3750,1
8998,1
27541,0
29482,0
30673,0
18547,0
11030,1
4260,1
17473,0
22791,0
21005,0
14039,1
19355,0
30742,0
915,1
17893,0
7992,1
7561,1
25948,0
7882,1
11075,1
11172,1
6155,1
9350,1
26279,0
12941,1
17212,0
3879,1
11249,1
14987,1
11911,1
4235,1
3539,1
2077,1
19137,0
9110,1
18730,0
12506,1
28461,0
29388,0
14208,1
19535,0
167,1
21905,0
24875,0
19368,0
16120,0
23298,0
1497,1
27826,0
2390,1
26581,0
18579,0
24330,0
9250,1
13738,1
13631,1
7037,1
21860,0
21268,0
26913,0
29615,0
4323,1
28246,0
7101,1
28887,0
9841,1
411,1
13398,1
15398,1
16755,0
24053,0
9606,1
688,1
4841,1
5838,1
